{
    "accumulators_cost": 0.0,
    "active_structure_cost": 0.0,
    "additional_structural_components_cost": 0.0,
    "additional_structural_components_cost_total": -777.0,
    "air_turbine_cost": 0.0,
    "air_turbine_cost_total": -777.0,
    "air_turbine_cost_total_check": -777.0,
    "anchors_and_piles_cost": 0.0,
    "ancillary_marine_systems_cost": 0.0,
    "ancillary_marine_systems_cost_total": -777.0,
    "ancillary_marine_systems_cost_total_check": -777.0,
    "annual_leases_fees_cost": 0.0,
    "annual_leases_fees_cost_total": -777.0,
    "annual_leases_fees_cost_total_check": -777.0,
    "array_cable_accessories_and_jointing_cost": 0.0,
    "array_cable_system_commissioning_cost": 0.0,
    "array_cable_system_cost": 0.0,
    "array_cable_system_cost_input": 0.0,
    "array_cable_system_cost_method": 0.0,
    "array_cable_system_cost_modeled": -777.0,
    "array_cable_system_cost_total": -777.0,
    "array_cable_system_cost_total_check": -777.0,
    "array_cable_system_transportation_cost": 0.0,
    "array_cables_assem_install_cost": 0.0,
    "array_cables_cost": 0.0,
    "array_sizing_mode": 0.0,
    "assem_install_shown": 0.0,
    "assem_other_infras_shown": 0.0,
    "assembly_and_install_cost": -777.0,
    "assembly_and_install_cost_input": 0.0,
    "assembly_and_install_cost_method": 2.0,
    "assembly_and_install_cost_modeled": -777.0,
    "assembly_and_install_cost_total": -777.0,
    "assembly_and_install_override": -777.0,
    "assembly_areas_cost": 0.0,
    "balance_of_system_cost_input": 0.0,
    "balance_of_system_cost_override": 0.0,
    "balance_of_system_cost_total": -777.0,
    "balance_of_system_cost_total_mill": -777.0,
    "balance_of_system_scheduled_maintenance_cost": 0.0,
    "balance_of_system_unscheduled_maintenance_cost": 0.0,
    "ballast_system_cost": 0.0,
    "ballast_system_mooring_cost": 0.0,
    "bearings_cost": 0.0,
    "bend_restrictors_cost": 0.0,
    "bend_stiffeners_cost": 0.0,
    "blades_rotor_assembly_cost": 0.0,
    "building_facilities_cost": 0.0,
    "buoyancy_chamber_cost": 0.0,
    "c_construction_cost": [
        0.0
    ],
    "c_construction_duration": 0.0,
    "c_construction_interest": 3.5,
    "c_debt_percent": 0.0,
    "c_depreciation_schedule": [
        20.0,
        32.0,
        19.2,
        11.52,
        11.52,
        5.76
    ],
    "c_equity_return": 0.0,
    "c_inflation": 0.0,
    "c_lifetime": 0.0,
    "c_nominal_interest_rate": 4.0,
    "c_tax_rate": 28.0,
    "cable_accessories_and_jointing_cost": 0.0,
    "cable_mattresses_cost": 0.0,
    "cable_protection_cost": 0.0,
    "cable_protection_cost_total": -777.0,
    "cable_protection_cost_total_check": -777.0,
    "cable_system_overbuild": 10.0,
    "capex_check": -777.0,
    "capital_cost": -777.0,
    "carrying_cost_during_construction_cost": 0.0,
    "cathodic_protection_system_cost": 0.0,
    "civil_infrastructure_cost": 0.0,
    "closing_costs_cost": 0.0,
    "coatings_cost": 0.0,
    "coatings_cost_total": -777.0,
    "coatings_pto_cost": 0.0,
    "coatings_pto_cost_total": -777.0,
    "condition_monitoring_cost": 0.0,
    "condition_monitoring_operations_cost": 0.0,
    "connecting_hardware_cost": 0.0,
    "construction_management_cost": 0.0,
    "construction_management_cost_total": -777.0,
    "construction_management_cost_total_check": -777.0,
    "cooling_system_cost": 0.0,
    "cooling_system_gearbox_cost": 0.0,
    "cranage_cost": 0.0,
    "debt_service_reserve_account_cost": 0.0,
    "decommissioning_reserve_account_cost": 0.0,
    "dedicated_om_vessel_cost": 0.0,
    "desired_array_size": 500.0,
    "detailed_cost_choice_air_turbine": 0.0,
    "detailed_cost_choice_ancillary_marine_systems": 0.0,
    "detailed_cost_choice_annual_leases": 0.0,
    "detailed_cost_choice_array_cables": 0.0,
    "detailed_cost_choice_cable_protection": 0.0,
    "detailed_cost_choice_construction_management": 0.0,
    "detailed_cost_choice_electrical_generator": 0.0,
    "detailed_cost_choice_env_health_safety": 0.0,
    "detailed_cost_choice_export_cables": 0.0,
    "detailed_cost_choice_financing_incentive": 0.0,
    "detailed_cost_choice_gearbox": 0.0,
    "detailed_cost_choice_gen_admin": 0.0,
    "detailed_cost_choice_health_safety": 0.0,
    "detailed_cost_choice_hydraulic_drivetrain": 0.0,
    "detailed_cost_choice_initial_engineering": 0.0,
    "detailed_cost_choice_interconnection": 0.0,
    "detailed_cost_choice_marine_systems": 0.0,
    "detailed_cost_choice_mec_device": 0.0,
    "detailed_cost_choice_offshore_infrastructure": 0.0,
    "detailed_cost_choice_offshore_substation": 0.0,
    "detailed_cost_choice_onshore_infrastructure": 0.0,
    "detailed_cost_choice_onshore_substation": 0.0,
    "detailed_cost_choice_onshore_transmission_infrastructure": 0.0,
    "detailed_cost_choice_outfitting_structure": 0.0,
    "detailed_cost_choice_permitting_leasing": 0.0,
    "detailed_cost_choice_port_fees": 0.0,
    "detailed_cost_choice_power_electronics": 0.0,
    "detailed_cost_choice_project_management": 0.0,
    "detailed_cost_choice_reserve_accounts": 0.0,
    "detailed_cost_choice_scheduled_maintenance": 0.0,
    "detailed_cost_choice_site_characterization": 0.0,
    "detailed_cost_choice_site_selection": 0.0,
    "detailed_cost_choice_staging_port": 0.0,
    "detailed_cost_choice_struct_assem": 0.0,
    "detailed_cost_choice_substructures": 0.0,
    "detailed_cost_choice_unscheduled_maintenance": 0.0,
    "detailed_cost_modeled_array_cables": 2.0,
    "detailed_cost_modeled_export_cables": 2.0,
    "detailed_cost_modeled_offshore_substation": 2.0,
    "detailed_cost_modeled_onshore_substation": 2.0,
    "detailed_cost_modeled_other_elec_infras": 1.0,
    "detailed_design_and_construction_eng_cost": 0.0,
    "detailed_design_and_construction_eng_cost_total": -777.0,
    "development_cost": -777.0,
    "development_cost_input": 0.0,
    "development_cost_method": 2.0,
    "development_cost_modeled": -777.0,
    "development_cost_total": -777.0,
    "development_override": -777.0,
    "development_shown": 0.0,
    "device_cost_input": 0.0,
    "device_cost_override": 0.0,
    "device_costs_total": -777.0,
    "device_costs_total_display": 0.0,
    "device_costs_total_mill": -777.0,
    "device_foundation": "-777",
    "device_mass": -777.0,
    "device_material": "-777",
    "device_mooring": "-777",
    "device_pto_type": "-777",
    "device_rated_power": -777.0,
    "device_spacing_in_row": 600.0,
    "device_tec_architype": "-777",
    "device_tech_type": "-777",
    "devices_per_row": -777.0,
    "distance_to_shore": -777.0,
    "distance_to_shore_input": 5000.0,
    "ducting_system_cost": 0.0,
    "due_diligence_cost": 0.0,
    "e&m_shown": 0.0,
    "elec_infrac_shown": 0.0,
    "elec_infras_cost": -777.0,
    "elec_infras_cost_input": 0.0,
    "elec_infras_cost_method": 2.0,
    "elec_infras_cost_modeled": -777.0,
    "elec_infras_cost_total": -777.0,
    "elec_infras_override": -777.0,
    "electrical_conversion_equipment_cost": 0.0,
    "electrical_equipment_onshore_substation_cost": 0.0,
    "electrical_generator_cost": 0.0,
    "electrical_generator_cost_total": -777.0,
    "electrical_generator_cost_total_check": -777.0,
    "eng_and_mgmt_cost": -777.0,
    "eng_and_mgmt_cost_input": 0.0,
    "eng_and_mgmt_cost_method": 2.0,
    "eng_and_mgmt_cost_modeled": -777.0,
    "eng_and_mgmt_cost_total": -777.0,
    "eng_and_mgmt_override": -777.0,
    "engineering_certification_cost": 0.0,
    "entrance_exit_fees_cost": 0.0,
    "environmental_health_and_safety_monitoring_cost": 0.0,
    "environmental_health_and_safety_monitoring_cost_total": -777.0,
    "environmental_health_and_safety_monitoring_cost_total_check": -777.0,
    "environmental_monitoring_cost": 0.0,
    "environmental_monitoring_operations_cost": 0.0,
    "environmental_scoping_cost": 0.0,
    "environmental_surveys_cost": 0.0,
    "export_cable_accessories_and_jointing_cost": 0.0,
    "export_cable_commissioning_cost": 0.0,
    "export_cable_length": -777.0,
    "export_cable_redundancy": 0.0,
    "export_cable_system_cost": 2.17e-322,
    "export_cable_system_cost_input": 0.0,
    "export_cable_system_cost_method": 2.0,
    "export_cable_system_cost_modeled": -777.0,
    "export_cable_system_cost_total": -777.0,
    "export_cable_system_cost_total_check": -777.0,
    "export_cable_system_transportation_cost": 0.0,
    "export_cables_cost": 0.0,
    "external_ballast_chambers_cost": 0.0,
    "fabrication_facilities_cost": 0.0,
    "facilities_and_ancillary_systems_cost": 0.0,
    "federal_energy_regulatory_commission_fees_cost": 0.0,
    "feed_cost": 0.0,
    "financial_cost_input": 0.0,
    "financial_cost_override": 0.0,
    "financial_cost_total": -777.0,
    "financial_cost_total_mill": -777.0,
    "financial_itemized_shown": 0.0,
    "financial_override_check": -777.0,
    "financing_and_incentives_cost": 0.0,
    "financing_and_incentives_cost_total": -777.0,
    "financing_and_incentives_cost_total_check": -777.0,
    "fixed_charge_rate": -777.0,
    "fixed_operating_cost": -777.0,
    "floating_array": 0.0,
    "foundation_assem_install_cost": 0.0,
    "foundation_onshore_substation_cost": 0.0,
    "frequency_converter_cost": 0.0,
    "gearbox_cost": 0.0,
    "gearbox_cost_total": -777.0,
    "gearbox_cost_total_check": -777.0,
    "gears_cost": 0.0,
    "generation_planning_and_integration_cost": 0.0,
    "geological_and_bathymetry_cost": 0.0,
    "health_and_safety_monitoring_cost": 0.0,
    "health_safety_and_environmental_monitoring_cost": 0.0,
    "health_safety_and_environmental_monitoring_cost_total": -777.0,
    "health_safety_and_environmental_monitoring_cost_total_check": -777.0,
    "health_safety_monitoring_cost": 0.0,
    "housing_cost": 0.0,
    "hub_assembly_cost": 0.0,
    "hydraulic_drivetrain_cost": 0.0,
    "hydraulic_drivetrain_cost_total": -777.0,
    "hydraulic_drivetrain_cost_total_check": -777.0,
    "hydraulic_fluid_cost": 0.0,
    "hydraulic_motor_cost": 0.0,
    "hydraulic_reservoir_cost": 0.0,
    "incentives_cost": 0.0,
    "initial_engineering_cost": 0.0,
    "initial_engineering_cost_total": -777.0,
    "initial_engineering_cost_total_check": -777.0,
    "insurance_during_construction_cost": -777.0,
    "insurance_during_construction_cost_input": 0.0,
    "insurance_during_construction_cost_modeled_ui": -777.0,
    "insurance_during_construction_method": 2.0,
    "insurance_during_construction_modeled": -777.0,
    "insurance_operations_cost": 0.0,
    "integration_assembly_testing_checkout_cost": 0.0,
    "inter_array_cable_length": -777.0,
    "interconnection_and_power_marketing_cost": 0.0,
    "interconnection_and_power_marketing_cost_total": -777.0,
    "interconnection_and_power_marketing_cost_total_check": -777.0,
    "interconnection_studies_and_fees_cost": 0.0,
    "itemized_check_assem_install": -777.0,
    "itemized_check_construction_insurance": -777.0,
    "itemized_check_contingency": -777.0,
    "itemized_check_development": -777.0,
    "itemized_check_elec_infras": -777.0,
    "itemized_check_eng": -777.0,
    "itemized_check_maintenance": -777.0,
    "itemized_check_mooring": -777.0,
    "itemized_check_operations": 2.0,
    "itemized_check_other_financial": -777.0,
    "itemized_check_other_infras": -777.0,
    "itemized_check_pto": -777.0,
    "itemized_check_reserve_accounts": -777.0,
    "itemized_check_site_access": -777.0,
    "itemized_check_structural": -777.0,
    "itemized_num": -777.0,
    "jtube_seals_cost": 0.0,
    "ladders_cost": 0.0,
    "land_leases_cost": 0.0,
    "land_leases_onshore_substation_cost": 0.0,
    "laydown_area_cost": 0.0,
    "lease_acquisition_activities_cost": 0.0,
    "legal_support_cost": 0.0,
    "level_check": 0.0,
    "level_eng": 0.0,
    "level_value": -777.0,
    "lib_tidal_device": "RM1",
    "lib_tidal_power_curve": [
        [
            0.0,
            0.0
        ],
        [
            0.1,
            0.0
        ],
        [
            0.2,
            0.0
        ],
        [
            0.3,
            0.0
        ],
        [
            0.4,
            0.0
        ],
        [
            0.5,
            0.0
        ],
        [
            0.6,
            10.4211
        ],
        [
            0.7,
            20.8423
        ],
        [
            0.8,
            39.9689
        ],
        [
            0.9,
            59.0956
        ],
        [
            1.0,
            89.2016
        ],
        [
            1.1,
            119.308
        ],
        [
            1.2,
            160.886
        ],
        [
            1.3,
            202.464
        ],
        [
            1.4,
            259.292
        ],
        [
            1.5,
            316.12
        ],
        [
            1.6,
            392.673
        ],
        [
            1.7,
            469.226
        ],
        [
            1.8,
            570.306
        ],
        [
            1.9,
            671.386
        ],
        [
            2.0,
            802.908
        ],
        [
            2.1,
            934.43
        ],
        [
            2.2,
            1024.71
        ],
        [
            2.3,
            1115.0
        ],
        [
            2.4,
            1115.0
        ],
        [
            2.5,
            1115.0
        ],
        [
            2.6,
            1115.0
        ],
        [
            2.7,
            1115.0
        ],
        [
            2.8,
            1115.0
        ],
        [
            2.9,
            1115.0
        ],
        [
            3.0,
            1115.0
        ],
        [
            3.1,
            1115.0
        ],
        [
            3.2,
            1085.37
        ],
        [
            3.3,
            1055.73
        ]
    ],
    "library_or_input_tidal": 0.0,
    "long_term_service_agreement_cost": 0.0,
    "loss_additional": 0.0,
    "loss_array_spacing": 0.0,
    "loss_downtime": 5.0,
    "loss_resource_overprediction": 0.0,
    "loss_total": -777.0,
    "loss_transmission": 2.0,
    "lube_system_cost": 0.0,
    "lubrication_system_cost": 0.0,
    "maintenance_cost": -777.0,
    "maintenance_cost_input": 0.0,
    "maintenance_cost_method": 2.0,
    "maintenance_cost_modeled": -777.0,
    "maintenance_cost_total": -777.0,
    "maintenance_override_check": -777.0,
    "maintenance_reserve_account_cost": 0.0,
    "maintenance_we_shown": 0.0,
    "marine_coatings_cost": 0.0,
    "marine_energy_converter_device_cost": 0.0,
    "marine_energy_converter_device_cost_total": -777.0,
    "marine_energy_converter_device_cost_total_check": -777.0,
    "marine_energy_converter_power_consumption_cost": 0.0,
    "marine_energy_converter_scheduled_maintenance_cost": 0.0,
    "marine_energy_converter_unscheduled_maintenance_cost": 0.0,
    "marine_energy_tech": -777.0,
    "marine_management_cost": 0.0,
    "marine_system_cost_total_check": -777.0,
    "marine_systems_cost": 0.0,
    "marine_systems_cost_total": -777.0,
    "messenger_lines_and_buoys_cost": 0.0,
    "method_check": -777.0,
    "mooring_found_substruc_cost": -777.0,
    "mooring_found_substruc_cost_input": 0.0,
    "mooring_found_substruc_cost_method": 2.0,
    "mooring_found_substruc_cost_modeled": -777.0,
    "mooring_found_substruc_cost_total": -777.0,
    "mooring_lines_cost": 0.0,
    "mooring_override": -777.0,
    "mooring_shown": 0.0,
    "navigation_lighting_cost": 0.0,
    "noise_mitigation_cost": 0.0,
    "number_devices": -777.0,
    "number_rows": -777.0,
    "offshore_accommodations_platform_cost": 0.0,
    "offshore_accomodations_other_infras_cost": 0.0,
    "offshore_electrical_infrastructure_cost": 0.0,
    "offshore_electrical_infrastructure_cost_total": -777.0,
    "offshore_electrical_infrastructure_cost_total_check": -777.0,
    "offshore_export_cables_assem_install_cost": 0.0,
    "offshore_logistical_infrastructure_assem_install_cost": 0.0,
    "offshore_logistical_infrastructure_other_infras_cost": 0.0,
    "offshore_substation_assem_install_cost": 0.0,
    "offshore_substation_cost": 2.17e-322,
    "offshore_substation_cost_input": 0.0,
    "offshore_substation_cost_method": 2.0,
    "offshore_substation_cost_modeled": -777.0,
    "offshore_substation_cost_total": -777.0,
    "offshore_substation_cost_total_check": -777.0,
    "offshore_substation_cost_total_display": -777.0,
    "om_cost_input": 0.0,
    "om_cost_override": 0.0,
    "om_equipment_purchases_cost": 0.0,
    "onshore_electric_infrastructure_assem_install_cost": 0.0,
    "onshore_electrical_infrastructure_cost": 0.0,
    "onshore_electrical_infrastructure_cost_total": -777.0,
    "onshore_electrical_infrastructure_cost_total_check": -777.0,
    "onshore_interconnection_rights_cost": 0.0,
    "onshore_land_lease_cost": 0.0,
    "onshore_om_facilities_cost": 0.0,
    "onshore_substation_assem_install_cost": 0.0,
    "onshore_substation_cost": 7.121e-307,
    "onshore_substation_cost_input": 0.0,
    "onshore_substation_cost_method": 2.0,
    "onshore_substation_cost_modeled": -777.0,
    "onshore_substation_cost_total": -777.0,
    "onshore_substation_cost_total_check": -777.0,
    "onshore_substations_cost": 0.0,
    "onshore_transmission_infrastructure_cost": 0.0,
    "onshore_transmission_infrastructure_cost_total": -777.0,
    "onshore_transmission_infrastructure_cost_total_check": -777.0,
    "onshore_transmission_infrastructure_transportation_cost": 0.0,
    "operating_equipment_cost": 0.0,
    "operating_facilities_cost": 0.0,
    "operating_margin_cost": 0.0,
    "operations_cost": -777.0,
    "operations_cost_input": 0.0,
    "operations_cost_method": 2.0,
    "operations_cost_modeled": -777.0,
    "operations_cost_total": -777.0,
    "operations_management_general_administration_cost": 0.0,
    "operations_management_general_administration_cost_total": -777.0,
    "operations_management_general_administration_cost_total_check": -777.0,
    "operations_override_check": -777.0,
    "opex_we_shown": 0.0,
    "other_air_turbine_cost": 0.0,
    "other_ancillary_marine_system_cost": 0.0,
    "other_array_cable_system_cost": 0.0,
    "other_assem_install_cost": 0.0,
    "other_business_cost": 0.0,
    "other_cable_protection_cost": 0.0,
    "other_construction_management_cost": 0.0,
    "other_cost_total": -777.0,
    "other_costs": 0.0,
    "other_development_cost": 0.0,
    "other_elec_infra_cost": 2.17e-322,
    "other_elec_infra_cost_input": 0.0,
    "other_elec_infra_cost_method": 2.0,
    "other_elec_infra_cost_modeled": -777.0,
    "other_elec_infra_cost_total": -777.0,
    "other_electrical_generator_cost": 0.0,
    "other_eng_cost": 0.0,
    "other_eng_cost_total_display": -777.0,
    "other_export_cable_system_cost": 0.0,
    "other_financial_cost": -777.0,
    "other_financial_cost_input": 0.0,
    "other_financial_cost_method": 2.0,
    "other_financial_cost_modeled": -777.0,
    "other_financing_cost": 0.0,
    "other_gearbox_cost": 0.0,
    "other_gen_admin_cost": 0.0,
    "other_health_and_safety_cost": 0.0,
    "other_hydraulic_drivetrain_cost": 0.0,
    "other_infras_override": -777.0,
    "other_infrastructure_cost": -777.0,
    "other_infrastructure_cost_input": 0.0,
    "other_infrastructure_cost_method": 2.0,
    "other_infrastructure_cost_modeled": -777.0,
    "other_infrastructure_cost_total": -777.0,
    "other_infrastructure_transportation_other_infras_cost": 0.0,
    "other_initial_engineering_cost": 0.0,
    "other_interconnection_cost": 0.0,
    "other_maintenance_cost": 0.0,
    "other_marine_energy_converter_device_cost": 0.0,
    "other_marine_system_cost": 0.0,
    "other_monitoring_cost": 0.0,
    "other_mooring_cost": 0.0,
    "other_offshore_electrical_infrastructure_cost": 0.0,
    "other_offshore_substation_cost": 0.0,
    "other_onshore_electrical_infrastructure_cost": 0.0,
    "other_onshore_substation_cost": 0.0,
    "other_onshore_transmission_infrastructure_cost": 0.0,
    "other_operations_cost": 0.0,
    "other_other_infras_cost": 0.0,
    "other_outfitting_structure_cost": 0.0,
    "other_permitting_and_leasing_cost": 0.0,
    "other_port_fees_cost": 0.0,
    "other_power_electronics_cost": 0.0,
    "other_prime_mover_cost": 0.0,
    "other_project_management_cost": 0.0,
    "other_pto_cost": 0.0,
    "other_pto_total": -777.0,
    "other_reserve_account_cost": 0.0,
    "other_scheduled_maintenance_cost": 0.0,
    "other_shortterm_energy_storage_cost": 0.0,
    "other_site_access_cost": 0.0,
    "other_site_characterization_cost": 0.0,
    "other_site_selection_cost": 0.0,
    "other_staging_port_cost": 0.0,
    "other_substructure_cost": 0.0,
    "other_unscheduled_maintenance_cost": 0.0,
    "outfitting_structure_cost": 0.0,
    "outfitting_structure_cost_total": -777.0,
    "outfitting_structure_cost_total_check": -777.0,
    "overhead_lines_cost": 0.0,
    "overhead_transmission_line_cost": 0.0,
    "override_check_structural": -777.0,
    "permit_acquisition_activities_cost": 0.0,
    "permitting_and_leasing_cost": 0.0,
    "permitting_and_leasing_cost_total": -777.0,
    "permitting_and_leasing_cost_total_check": -777.0,
    "personnel_access_system_cost": 0.0,
    "personnel_access_system_mooring_cost": 0.0,
    "personnel_facilities_cost": 0.0,
    "plant_commissioning_cost": -777.0,
    "plant_commissioning_cost_input": 0.0,
    "plant_commissioning_cost_method": 2.0,
    "plant_commissioning_cost_modeled": -777.0,
    "plant_commissioning_cost_modeled_ui": -777.0,
    "plumbing_fittings_cost": 0.0,
    "port_fees_cost": 0.0,
    "port_fees_cost_total": -777.0,
    "port_fees_cost_total_check": -777.0,
    "port_fees_total": -777.0,
    "port_improvement_cost": 0.0,
    "power_electrical_system_cost": 0.0,
    "power_electronics_cost": 0.0,
    "power_electronics_cost_total": -777.0,
    "power_electronics_cost_total_check": -777.0,
    "power_marketing_cost": 0.0,
    "power_takeoff_enclosure_cost": 0.0,
    "power_takeoff_enclosure_cost_total": -777.0,
    "power_takeoff_system_assem_install_cost": 0.0,
    "power_takeoff_system_cost": -777.0,
    "power_takeoff_system_cost_input": 0.0,
    "power_takeoff_system_cost_input_label": 0.0,
    "power_takeoff_system_cost_method": 2.0,
    "power_takeoff_system_cost_modeled": -777.0,
    "power_takeoff_system_cost_total": -777.0,
    "power_takeoff_system_total_label": 0.0,
    "pre_feed_cost": 0.0,
    "primary_hydraulic_pump_cost": 0.0,
    "primary_struct_assem_cost": 0.0,
    "prime_mover_cost": 0.0,
    "prime_mover_cost_total": -777.0,
    "prime_mover_cost_total_check": -777.0,
    "probability_sum": -777.0,
    "procurement_cost": 0.0,
    "procurement_management_cost": 0.0,
    "procurement_management_cost_total_display": -777.0,
    "professional_advisory_services_cost": 0.0,
    "professional_advisory_services_operations_cost": 0.0,
    "profit_cost": 0.0,
    "profit_eng_cost": 0.0,
    "project_certification_cost": 0.0,
    "project_certification_cost_total_display": -777.0,
    "project_contingency_budget_cost": -777.0,
    "project_contingency_cost_input": 0.0,
    "project_contingency_cost_method": 2.0,
    "project_contingency_cost_modeled_ui": -777.0,
    "project_contingency_modeled": -777.0,
    "project_management_during_development_cost": 0.0,
    "project_management_during_development_cost_total": -777.0,
    "project_management_during_development_cost_total_check": -777.0,
    "protection_control_cost": 0.0,
    "pto_override": -777.0,
    "pto_shown": 0.0,
    "quay_cost": 0.0,
    "quayside_docking_fees_cost": 0.0,
    "railings_cost": 0.0,
    "rectifying_circuit_cost": 0.0,
    "reserve_accounts_cost": -777.0,
    "reserve_accounts_cost_input": 0.0,
    "reserve_accounts_cost_method": 2.0,
    "reserve_accounts_cost_modeled_ui": -777.0,
    "reserve_accounts_cost_total": -777.0,
    "reserve_accounts_modeled": -777.0,
    "resource_and_metocean_assessment_cost": 0.0,
    "resource_assessment_cost": 0.0,
    "riser_cable_length": -777.0,
    "rotors_cost": 0.0,
    "row_spacing": 600.0,
    "salaries_cost": 0.0,
    "salaries_eng_cost": 0.0,
    "sales_general_and_administrative_cost": 0.0,
    "sales_general_and_administrative_eng_cost": 0.0,
    "sales_general_and_administrative_operations_cost": 0.0,
    "scada_cost": 0.0,
    "scheduled_maintenance_cost": 0.0,
    "scheduled_maintenance_cost_total": -777.0,
    "scheduled_maintenance_cost_total_check": -777.0,
    "scour_protection_assem_install_cost": 0.0,
    "scour_protection_cost": 0.0,
    "scour_protection_elec_infras_cost": 0.0,
    "self_supporting_towers_with_insulators_cost": 0.0,
    "sensor_elec_gen_cost": 0.0,
    "sensors_cost": 0.0,
    "service_platforms_and_decks_cost": 0.0,
    "shaft_assembly_cost": 0.0,
    "shortterm_energy_storage_cost": 0.0,
    "shortterm_energy_storage_cost_total": -777.0,
    "site_access_override": -777.0,
    "site_access_port_staging_cost": -777.0,
    "site_access_port_staging_cost_input": 0.0,
    "site_access_port_staging_cost_method": 2.0,
    "site_access_port_staging_cost_modeled": -777.0,
    "site_access_port_staging_cost_modeled_ui": -777.0,
    "site_access_port_staging_cost_total": -777.0,
    "site_access_shown": 0.0,
    "site_characterization_cost": 0.0,
    "site_characterization_cost_total": -777.0,
    "site_characterization_cost_total_check": -777.0,
    "site_selection_cost": 0.0,
    "site_selection_cost_total": -777.0,
    "site_selection_cost_total_check": -777.0,
    "staging_port_cost": 0.0,
    "staging_port_cost_total": -777.0,
    "staging_port_cost_total_check": -777.0,
    "stakeholder_outreach_cost": 0.0,
    "stator_cost": 0.0,
    "struct_and_mechanical_cost": 0.0,
    "struct_level_total_label": 0.0,
    "struct_override": -777.0,
    "struct_user_input_label": 0.0,
    "structural_assembly_assem_install_cost": 0.0,
    "structural_assembly_cost": -777.0,
    "structural_assembly_cost_input": 0.0,
    "structural_assembly_cost_method": 2.0,
    "structural_assembly_cost_modeled": -777.0,
    "structural_assembly_cost_modeled_formatted": -777.0,
    "structural_assembly_cost_total": -777.0,
    "structure_foundations_cost": 0.0,
    "stuctural_assem_shown": 0.0,
    "subfoundation_or_bedding_cost": 0.0,
    "submerged_land_lease_cost": 0.0,
    "substructure_and_foundation_cost": 0.0,
    "substructure_assem_install_cost": 0.0,
    "substructure_assem_install_cost_total": -777.0,
    "substructure_assem_install_cost_total_check": -777.0,
    "substructures_and_foundations_cost": 0.0,
    "system_capacity": -777.0,
    "test_num": 0.0,
    "tidal_power_curve": [
        [
            -777.0,
            -777.0
        ],
        [
            -777.0,
            -777.0
        ],
        [
            -777.0,
            -777.0
        ],
        [
            -777.0,
            -777.0
        ],
        [
            -777.0,
            -777.0
        ],
        [
            -777.0,
            -777.0
        ],
        [
            -777.0,
            -777.0
        ],
        [
            -777.0,
            -777.0
        ],
        [
            -777.0,
            -777.0
        ],
        [
            -777.0,
            -777.0
        ],
        [
            -777.0,
            -777.0
        ],
        [
            -777.0,
            -777.0
        ],
        [
            -777.0,
            -777.0
        ],
        [
            -777.0,
            -777.0
        ],
        [
            -777.0,
            -777.0
        ],
        [
            -777.0,
            -777.0
        ],
        [
            -777.0,
            -777.0
        ],
        [
            -777.0,
            -777.0
        ],
        [
            -777.0,
            -777.0
        ],
        [
            -777.0,
            -777.0
        ],
        [
            -777.0,
            -777.0
        ],
        [
            -777.0,
            -777.0
        ],
        [
            -777.0,
            -777.0
        ],
        [
            -777.0,
            -777.0
        ],
        [
            -777.0,
            -777.0
        ],
        [
            -777.0,
            -777.0
        ],
        [
            -777.0,
            -777.0
        ],
        [
            -777.0,
            -777.0
        ],
        [
            -777.0,
            -777.0
        ],
        [
            -777.0,
            -777.0
        ],
        [
            -777.0,
            -777.0
        ],
        [
            -777.0,
            -777.0
        ],
        [
            -777.0,
            -777.0
        ],
        [
            -777.0,
            -777.0
        ]
    ],
    "tidal_resource": [
        [
            0.0,
            0.009
        ],
        [
            0.1,
            0.031
        ],
        [
            0.2,
            0.042
        ],
        [
            0.3,
            0.044
        ],
        [
            0.4,
            0.048
        ],
        [
            0.5,
            0.049
        ],
        [
            0.6,
            0.053
        ],
        [
            0.7,
            0.051
        ],
        [
            0.8,
            0.052
        ],
        [
            0.9,
            0.056
        ],
        [
            1.0,
            0.05
        ],
        [
            1.1,
            0.052
        ],
        [
            1.2,
            0.05
        ],
        [
            1.3,
            0.048
        ],
        [
            1.4,
            0.047
        ],
        [
            1.5,
            0.043
        ],
        [
            1.6,
            0.042
        ],
        [
            1.7,
            0.04
        ],
        [
            1.8,
            0.034
        ],
        [
            1.9,
            0.031
        ],
        [
            2.0,
            0.026
        ],
        [
            2.1,
            0.023
        ],
        [
            2.2,
            0.02
        ],
        [
            2.3,
            0.016
        ],
        [
            2.4,
            0.013
        ],
        [
            2.5,
            0.011
        ],
        [
            2.6,
            0.007
        ],
        [
            2.7,
            0.005
        ],
        [
            2.8,
            0.004
        ],
        [
            2.9,
            0.002
        ],
        [
            3.0,
            0.001
        ],
        [
            3.1,
            0.0
        ],
        [
            3.2,
            0.0
        ],
        [
            3.3,
            0.0
        ]
    ],
    "topside_cost": 0.0,
    "total_bos_cost_lcoe": -777.0,
    "total_bos_cost_per_kwh": -777.0,
    "total_capital_cost_per_kwh": -777.0,
    "total_device_cost_lcoe": -777.0,
    "total_device_cost_per_kwh": -777.0,
    "total_financial_cost_lcoe": -777.0,
    "total_financial_cost_per_kwh": -777.0,
    "total_installed_cost": -777.0,
    "total_installed_cost_lcoe": -777.0,
    "total_installed_cost_mill": -777.0,
    "total_installed_cost_structural": -777.0,
    "total_operating_cost": -777.0,
    "total_operating_cost_mill": -777.0,
    "total_operations_cost_lcoe": -777.0,
    "total_operations_cost_per_kwh": -777.0,
    "total_rated_capacity": 1115.0,
    "total_test": -777.0,
    "transmission_charges_rights_cost": 0.0,
    "transmission_towers_cost": 0.0,
    "transport_power_conversion_chain_cost": 0.0,
    "transport_power_conversion_chain_cost_total": -777.0,
    "transport_structure_cost": 0.0,
    "transport_structure_cost_total": -777.0,
    "transportation_cost": 0.0,
    "turbine_bearings_cost": 0.0,
    "ui_capital_cost_capacity": 0.0,
    "ui_capital_cost_reference": -777.0,
    "ui_cfin": -777.0,
    "ui_crf": -777.0,
    "ui_fcr_input_option": 0.0,
    "ui_fixed_charge_rate": 0.108,
    "ui_ireal": -777.0,
    "ui_lbl_cff_msg": "",
    "ui_operating_cost_capacity": 0.0,
    "ui_operating_cost_fixed": -777.0,
    "ui_pfin": -777.0,
    "ui_system_capacity": -777.0,
    "ui_variable_operating_cost": 0.0,
    "ui_wacc": -777.0,
    "underground_cable_system_cost": 0.0,
    "underground_cable_system_onshore_electrical_infrastructure_cost": 0.0,
    "unscheduled_maintenance_contingency_cost": 0.0,
    "unscheduled_maintenance_cost": 0.0,
    "unscheduled_maintenance_cost_total": -777.0,
    "unscheduled_maintenance_cost_total_check": -777.0,
    "use_wavefile_spacing": 0.0,
    "user_input_devices_per_row": 10.0,
    "user_input_number_rows": 10.0,
    "user_tidal_power_curve": [
        [
            0.0,
            0.0
        ],
        [
            0.1,
            0.0
        ],
        [
            0.2,
            0.0
        ],
        [
            0.3,
            0.0
        ],
        [
            0.4,
            0.0
        ],
        [
            0.5,
            0.0
        ],
        [
            0.6,
            10.4211
        ],
        [
            0.7,
            20.8423
        ],
        [
            0.8,
            39.9689
        ],
        [
            0.9,
            59.0956
        ],
        [
            1.0,
            89.2016
        ],
        [
            1.1,
            119.308
        ],
        [
            1.2,
            160.886
        ],
        [
            1.3,
            202.464
        ],
        [
            1.4,
            259.292
        ],
        [
            1.5,
            316.12
        ],
        [
            1.6,
            392.673
        ],
        [
            1.7,
            469.226
        ],
        [
            1.8,
            570.306
        ],
        [
            1.9,
            671.386
        ],
        [
            2.0,
            802.908
        ],
        [
            2.1,
            934.43
        ],
        [
            2.2,
            1024.71
        ],
        [
            2.3,
            1115.0
        ],
        [
            2.4,
            1115.0
        ],
        [
            2.5,
            1115.0
        ],
        [
            2.6,
            1115.0
        ],
        [
            2.7,
            1115.0
        ],
        [
            2.8,
            1115.0
        ],
        [
            2.9,
            1115.0
        ],
        [
            3.0,
            1115.0
        ],
        [
            3.1,
            1115.0
        ],
        [
            3.2,
            1085.37
        ],
        [
            3.3,
            1055.73
        ]
    ],
    "valves_cost": 0.0,
    "variable_air_turbine": -777.0,
    "variable_electrical_generator": -777.0,
    "variable_gearbox": -777.0,
    "variable_hydraulic_drivetrain": -777.0,
    "variable_marine_systems": -777.0,
    "variable_operating_cost": -777.0,
    "variable_power_electronics": -777.0,
    "variable_prime_mover": -777.0,
    "vessel_landing_cost": 0.0,
    "water_depth": -777.0,
    "water_depth_input": 50.0,
    "weather_forecasting_cost": 0.0,
    "wharfage_fees_cost": 0.0
}