Name,City,State,Country,Latitude,Longitude,Nearby Buoy Number,Average Power Flux (kW/m),Bathymetry,Sea Bed,Time Zone,Data Source,Notes
Constant Wave Height,Newport,Oregon,United States,44.6899 N,124.1346 W,NDBC 46094,37,Gently Sloping,Soft Sand,-7,Sandia; SAND2015-7963,Pacific Marine Energy Test Center - North Energy Test Site
2008,1,1,0,30,6,2.35354,,,,,,
2008,1,1,3,30,6,2.39468,,,,,,
2008,1,1,6,30,6,2.45756,,,,,,
2008,1,1,9,30,6,2.55913,,,,,,
2008,1,1,12,30,6,2.66992,,,,,,
2008,1,1,15,30,6,2.79343,,,,,,
2008,1,1,18,30,6,2.9988,,,,,,
2008,1,1,21,30,6,3.42362,,,,,,
2008,1,2,0,30,6,3.66602,,,,,,
2008,1,2,3,30,6,3.75656,,,,,,
2008,1,2,6,30,6,3.69372,,,,,,
2008,1,2,9,30,6,3.55869,,,,,,
2008,1,2,12,30,6,3.36671,,,,,,
2008,1,2,15,30,6,3.17675,,,,,,
2008,1,2,18,30,6,3.03673,,,,,,
2008,1,2,21,30,6,2.91887,,,,,,
2008,1,3,0,30,6,2.87855,,,,,,
2008,1,3,3,30,6,2.89741,,,,,,
2008,1,3,6,30,6,3.09846,,,,,,
2008,1,3,9,30,6,3.26238,,,,,,
2008,1,3,12,30,6,3.25497,,,,,,
2008,1,3,15,30,6,3.19482,,,,,,
2008,1,3,18,30,6,3.09897,,,,,,
2008,1,3,21,30,6,2.98373,,,,,,
2008,1,4,0,30,6,2.88309,,,,,,
2008,1,4,3,30,6,2.83845,,,,,,
2008,1,4,6,30,6,2.83788,,,,,,
2008,1,4,9,30,6,2.83134,,,,,,
2008,1,4,12,30,6,2.73738,,,,,,
2008,1,4,15,30,6,2.62302,,,,,,
2008,1,4,18,30,6,2.52751,,,,,,
2008,1,4,21,30,6,2.52131,,,,,,
2008,1,5,0,30,6,2.79786,,,,,,
2008,1,5,3,30,6,3.0196,,,,,,
2008,1,5,6,30,6,3.22719,,,,,,
2008,1,5,9,30,6,3.42808,,,,,,
2008,1,5,12,30,6,3.51464,,,,,,
2008,1,5,15,30,6,3.55614,,,,,,
2008,1,5,18,30,6,3.62393,,,,,,
2008,1,5,21,30,6,3.64521,,,,,,
2008,1,6,0,30,6,3.61708,,,,,,
2008,1,6,3,30,6,3.69987,,,,,,
2008,1,6,6,30,6,3.82411,,,,,,
2008,1,6,9,30,6,3.94248,,,,,,
2008,1,6,12,30,6,3.96409,,,,,,
2008,1,6,15,30,6,3.86072,,,,,,
2008,1,6,18,30,6,3.7258,,,,,,
2008,1,6,21,30,6,3.57155,,,,,,
2008,1,7,0,30,6,3.40348,,,,,,
2008,1,7,3,30,6,3.26201,,,,,,
2008,1,7,6,30,6,3.1425,,,,,,
2008,1,7,9,30,6,3.26383,,,,,,
2008,1,7,12,30,6,3.62934,,,,,,
2008,1,7,15,30,6,3.79384,,,,,,
2008,1,7,18,30,6,3.67432,,,,,,
2008,1,7,21,30,6,3.95006,,,,,,
2008,1,8,0,30,6,4.1405,,,,,,
2008,1,8,3,30,6,4.4207,,,,,,
2008,1,8,6,30,6,4.55867,,,,,,
2008,1,8,9,30,6,4.72121,,,,,,
2008,1,8,12,30,6,4.87245,,,,,,
2008,1,8,15,30,6,5.3395,,,,,,
2008,1,8,18,30,6,5.01079,,,,,,
2008,1,8,21,30,6,4.90489,,,,,,
2008,1,9,0,30,6,4.33643,,,,,,
2008,1,9,3,30,6,3.96221,,,,,,
2008,1,9,6,30,6,3.83684,,,,,,
2008,1,9,9,30,6,4.12878,,,,,,
2008,1,9,12,30,6,5.9051,,,,,,
2008,1,9,15,30,6,6.13829,,,,,,
2008,1,9,18,30,6,5.43567,,,,,,
2008,1,9,21,30,6,5.18039,,,,,,
2008,1,10,0,30,6,5.16493,,,,,,
2008,1,10,3,30,6,5.35426,,,,,,
2008,1,10,6,30,6,4.94353,,,,,,
2008,1,10,9,30,6,4.49224,,,,,,
2008,1,10,12,30,6,4.21032,,,,,,
2008,1,10,15,30,6,4.04533,,,,,,
2008,1,10,18,30,6,4.06424,,,,,,
2008,1,10,21,30,6,4.32858,,,,,,
2008,1,11,0,30,6,4.64002,,,,,,
2008,1,11,3,30,6,4.78606,,,,,,
2008,1,11,6,30,6,4.89286,,,,,,
2008,1,11,9,30,6,5.08703,,,,,,
2008,1,11,12,30,6,5.16697,,,,,,
2008,1,11,15,30,6,4.90063,,,,,,
2008,1,11,18,30,6,4.50732,,,,,,
2008,1,11,21,30,6,4.41993,,,,,,
2008,1,12,0,30,6,4.23826,,,,,,
2008,1,12,3,30,6,3.99863,,,,,,
2008,1,12,6,30,6,3.78936,,,,,,
2008,1,12,9,30,6,3.58724,,,,,,
2008,1,12,12,30,6,3.61562,,,,,,
2008,1,12,15,30,6,3.69989,,,,,,
2008,1,12,18,30,6,3.80718,,,,,,
2008,1,12,21,30,6,3.52904,,,,,,
2008,1,13,0,30,6,3.13911,,,,,,
2008,1,13,3,30,6,3.03771,,,,,,
2008,1,13,6,30,6,2.99828,,,,,,
2008,1,13,9,30,6,3.86578,,,,,,
2008,1,13,12,30,6,4.71838,,,,,,
2008,1,13,15,30,6,4.99366,,,,,,
2008,1,13,18,30,6,4.44476,,,,,,
2008,1,13,21,30,6,3.91445,,,,,,
2008,1,14,0,30,6,3.45099,,,,,,
2008,1,14,3,30,6,3.16771,,,,,,
2008,1,14,6,30,6,3.06556,,,,,,
2008,1,14,9,30,6,3.94566,,,,,,
2008,1,14,12,30,6,5.00118,,,,,,
2008,1,14,15,30,6,5.32753,,,,,,
2008,1,14,18,30,6,4.16203,,,,,,
2008,1,14,21,30,6,3.63959,,,,,,
2008,1,15,0,30,6,3.4162,,,,,,
2008,1,15,3,30,6,3.34608,,,,,,
2008,1,15,6,30,6,3.20622,,,,,,
2008,1,15,9,30,6,3.07216,,,,,,
2008,1,15,12,30,6,3.07742,,,,,,
2008,1,15,15,30,6,3.7294,,,,,,
2008,1,15,18,30,6,4.4392,,,,,,
2008,1,15,21,30,6,4.47647,,,,,,
2008,1,16,0,30,6,3.96704,,,,,,
2008,1,16,3,30,6,3.40772,,,,,,
2008,1,16,6,30,6,3.03504,,,,,,
2008,1,16,9,30,6,2.87351,,,,,,
2008,1,16,12,30,6,2.83349,,,,,,
2008,1,16,15,30,6,2.74854,,,,,,
2008,1,16,18,30,6,2.60063,,,,,,
2008,1,16,21,30,6,2.44795,,,,,,
2008,1,17,0,30,6,2.32163,,,,,,
2008,1,17,3,30,6,2.22582,,,,,,
2008,1,17,6,30,6,2.1537,,,,,,
2008,1,17,9,30,6,2.10985,,,,,,
2008,1,17,12,30,6,2.15763,,,,,,
2008,1,17,15,30,6,2.40142,,,,,,
2008,1,17,18,30,6,2.72623,,,,,,
2008,1,17,21,30,6,3.17294,,,,,,
2008,1,18,0,30,6,3.31725,,,,,,
2008,1,18,3,30,6,3.54136,,,,,,
2008,1,18,6,30,6,3.85766,,,,,,
2008,1,18,9,30,6,4.6007,,,,,,
2008,1,18,12,30,6,5.05083,,,,,,
2008,1,18,15,30,6,5.38993,,,,,,
2008,1,18,18,30,6,5.71289,,,,,,
2008,1,18,21,30,6,5.98142,,,,,,
2008,1,19,0,30,6,5.28023,,,,,,
2008,1,19,3,30,6,4.63909,,,,,,
2008,1,19,6,30,6,4.39636,,,,,,
2008,1,19,9,30,6,4.35686,,,,,,
2008,1,19,12,30,6,4.42705,,,,,,
2008,1,19,15,30,6,4.54153,,,,,,
2008,1,19,18,30,6,4.67271,,,,,,
2008,1,19,21,30,6,4.69139,,,,,,
2008,1,20,0,30,6,4.54092,,,,,,
2008,1,20,3,30,6,4.25106,,,,,,
2008,1,20,6,30,6,3.95253,,,,,,
2008,1,20,9,30,6,3.82421,,,,,,
2008,1,20,12,30,6,3.81934,,,,,,
2008,1,20,15,30,6,3.80849,,,,,,
2008,1,20,18,30,6,3.75623,,,,,,
2008,1,20,21,30,6,3.66808,,,,,,
2008,1,21,0,30,6,3.53626,,,,,,
2008,1,21,3,30,6,3.50978,,,,,,
2008,1,21,6,30,6,3.5361,,,,,,
2008,1,21,9,30,6,3.4953,,,,,,
2008,1,21,12,30,6,3.46002,,,,,,
2008,1,21,15,30,6,3.38145,,,,,,
2008,1,21,18,30,6,3.25509,,,,,,
2008,1,21,21,30,6,3.10578,,,,,,
2008,1,22,0,30,6,2.9411,,,,,,
2008,1,22,3,30,6,2.77822,,,,,,
2008,1,22,6,30,6,2.7214,,,,,,
2008,1,22,9,30,6,2.82941,,,,,,
2008,1,22,12,30,6,3.21066,,,,,,
2008,1,22,15,30,6,3.27506,,,,,,
2008,1,22,18,30,6,3.14023,,,,,,
2008,1,22,21,30,6,3.45055,,,,,,
2008,1,23,0,30,6,4.07584,,,,,,
2008,1,23,3,30,6,4.36212,,,,,,
2008,1,23,6,30,6,4.17657,,,,,,
2008,1,23,9,30,6,3.74828,,,,,,
2008,1,23,12,30,6,3.29805,,,,,,
2008,1,23,15,30,6,2.91099,,,,,,
2008,1,23,18,30,6,2.63801,,,,,,
2008,1,23,21,30,6,2.38202,,,,,,
2008,1,24,0,30,6,2.19756,,,,,,
2008,1,24,3,30,6,2.10529,,,,,,
2008,1,24,6,30,6,2.11769,,,,,,
2008,1,24,9,30,6,2.05084,,,,,,
2008,1,24,12,30,6,1.9861,,,,,,
2008,1,24,15,30,6,1.95194,,,,,,
2008,1,24,18,30,6,1.89806,,,,,,
2008,1,24,21,30,6,1.80442,,,,,,
2008,1,25,0,30,6,1.66826,,,,,,
2008,1,25,3,30,6,1.56114,,,,,,
2008,1,25,6,30,6,1.46825,,,,,,
2008,1,25,9,30,6,1.38876,,,,,,
2008,1,25,12,30,6,1.32468,,,,,,
2008,1,25,15,30,6,1.3052,,,,,,
2008,1,25,18,30,6,1.41332,,,,,,
2008,1,25,21,30,6,1.35049,,,,,,
2008,1,26,0,30,6,1.61337,,,,,,
2008,1,26,3,30,6,2.09029,,,,,,
2008,1,26,6,30,6,1.9342,,,,,,
2008,1,26,9,30,6,1.77267,,,,,,
2008,1,26,12,30,6,1.69245,,,,,,
2008,1,26,15,30,6,1.64944,,,,,,
2008,1,26,18,30,6,1.71306,,,,,,
2008,1,26,21,30,6,1.99195,,,,,,
2008,1,27,0,30,6,1.92997,,,,,,
2008,1,27,3,30,6,1.77031,,,,,,
2008,1,27,6,30,6,1.72101,,,,,,
2008,1,27,9,30,6,1.83624,,,,,,
2008,1,27,12,30,6,1.94279,,,,,,
2008,1,27,15,30,6,1.958,,,,,,
2008,1,27,18,30,6,1.98472,,,,,,
2008,1,27,21,30,6,1.99553,,,,,,
2008,1,28,0,30,6,1.91651,,,,,,
2008,1,28,3,30,6,1.8649,,,,,,
2008,1,28,6,30,6,1.94292,,,,,,
2008,1,28,9,30,6,2.08457,,,,,,
2008,1,28,12,30,6,2.25706,,,,,,
2008,1,28,15,30,6,2.62986,,,,,,
2008,1,28,18,30,6,3.19676,,,,,,
2008,1,28,21,30,6,3.57599,,,,,,
2008,1,29,0,30,6,3.92533,,,,,,
2008,1,29,3,30,6,4.64258,,,,,,
2008,1,29,6,30,6,4.75552,,,,,,
2008,1,29,9,30,6,5.09021,,,,,,
2008,1,29,12,30,6,5.89174,,,,,,
2008,1,29,15,30,6,6.02498,,,,,,
2008,1,29,18,30,6,5.95337,,,,,,
2008,1,29,21,30,6,5.23585,,,,,,
2008,1,30,0,30,6,4.61938,,,,,,
2008,1,30,3,30,6,4.05151,,,,,,
2008,1,30,6,30,6,3.67917,,,,,,
2008,1,30,9,30,6,3.3998,,,,,,
2008,1,30,12,30,6,3.72884,,,,,,
2008,1,30,15,30,6,5.87579,,,,,,
2008,1,30,18,30,6,4.80474,,,,,,
2008,1,30,21,30,6,3.82925,,,,,,
2008,1,31,0,30,6,3.37477,,,,,,
2008,1,31,3,30,6,3.20076,,,,,,
2008,1,31,6,30,6,3.19525,,,,,,
2008,1,31,9,30,6,4.46405,,,,,,
2008,1,31,12,30,6,5.25157,,,,,,
2008,1,31,15,30,6,5.2603,,,,,,
2009,1,31,18,30,6,4.93565,,,,,,
2009,1,31,21,30,6,5.18355,,,,,,
2009,2,1,0,30,6,5.10364,,,,,,
2009,2,1,3,30,6,4.60682,,,,,,
2009,2,1,6,30,6,4.37019,,,,,,
2009,2,1,9,30,6,4.29411,,,,,,
2009,2,1,12,30,6,4.16877,,,,,,
2009,2,1,15,30,6,4.11183,,,,,,
2009,2,1,18,30,6,4.38487,,,,,,
2009,2,1,21,30,6,4.45969,,,,,,
2009,2,2,0,30,6,4.25837,,,,,,
2009,2,2,3,30,6,4.09678,,,,,,
2009,2,2,6,30,6,4.14672,,,,,,
2009,2,2,9,30,6,4.2745,,,,,,
2009,2,2,12,30,6,4.33813,,,,,,
2009,2,2,15,30,6,4.30739,,,,,,
2009,2,2,18,30,6,4.22146,,,,,,
2009,2,2,21,30,6,4.08272,,,,,,
2009,2,3,0,30,6,3.86867,,,,,,
2009,2,3,3,30,6,3.58991,,,,,,
2009,2,3,6,30,6,3.30417,,,,,,
2009,2,3,9,30,6,3.15159,,,,,,
2009,2,3,12,30,6,3.28502,,,,,,
2009,2,3,15,30,6,3.44597,,,,,,
2009,2,3,18,30,6,3.37986,,,,,,
2009,2,3,21,30,6,3.2278,,,,,,
2009,2,4,0,30,6,3.09739,,,,,,
2009,2,4,3,30,6,2.96887,,,,,,
2009,2,4,6,30,6,2.81901,,,,,,
2009,2,4,9,30,6,2.64416,,,,,,
2009,2,4,12,30,6,2.45755,,,,,,
2009,2,4,15,30,6,2.29641,,,,,,
2009,2,4,18,30,6,2.141,,,,,,
2009,2,4,21,30,6,2.09125,,,,,,
2009,2,5,0,30,6,2.15245,,,,,,
2009,2,5,3,30,6,2.16516,,,,,,
2009,2,5,6,30,6,2.17267,,,,,,
2009,2,5,9,30,6,2.17147,,,,,,
2009,2,5,12,30,6,2.15718,,,,,,
2009,2,5,15,30,6,2.24469,,,,,,
2009,2,5,18,30,6,2.48423,,,,,,
2009,2,5,21,30,6,2.80238,,,,,,
2009,2,6,0,30,6,2.89085,,,,,,
2009,2,6,3,30,6,2.82972,,,,,,
2009,2,6,6,30,6,2.83356,,,,,,
2009,2,6,9,30,6,3.10025,,,,,,
2009,2,6,12,30,6,3.53592,,,,,,
2009,2,6,15,30,6,3.88788,,,,,,
2009,2,6,18,30,6,4.07379,,,,,,
2009,2,6,21,30,6,4.11759,,,,,,
2009,2,7,0,30,6,4.05958,,,,,,
2009,2,7,3,30,6,4.02076,,,,,,
2009,2,7,6,30,6,4.01328,,,,,,
2009,2,7,9,30,6,3.88136,,,,,,
2009,2,7,12,30,6,3.59673,,,,,,
2009,2,7,15,30,6,3.27567,,,,,,
2009,2,7,18,30,6,2.99981,,,,,,
2009,2,7,21,30,6,2.77578,,,,,,
2009,2,8,0,30,6,2.74417,,,,,,
2009,2,8,3,30,6,2.7742,,,,,,
2009,2,8,6,30,6,2.75065,,,,,,
2009,2,8,9,30,6,2.72872,,,,,,
2009,2,8,12,30,6,2.72166,,,,,,
2009,2,8,15,30,6,2.71611,,,,,,
2009,2,8,18,30,6,2.67187,,,,,,
2009,2,8,21,30,6,2.58138,,,,,,
2009,2,9,0,30,6,2.48538,,,,,,
2009,2,9,3,30,6,2.37649,,,,,,
2009,2,9,6,30,6,2.26278,,,,,,
2009,2,9,9,30,6,2.16487,,,,,,
2009,2,9,12,30,6,2.06173,,,,,,
2009,2,9,15,30,6,1.95004,,,,,,
2009,2,9,18,30,6,1.85631,,,,,,
2009,2,9,21,30,6,1.78473,,,,,,
2009,2,10,0,30,6,1.72936,,,,,,
2009,2,10,3,30,6,1.69544,,,,,,
2009,2,10,6,30,6,1.73451,,,,,,
2009,2,10,9,30,6,1.81701,,,,,,
2009,2,10,12,30,6,1.94935,,,,,,
2009,2,10,15,30,6,2.09243,,,,,,
2009,2,10,18,30,6,2.2564,,,,,,
2009,2,10,21,30,6,2.48754,,,,,,
2009,2,11,0,30,6,2.66941,,,,,,
2009,2,11,3,30,6,2.76353,,,,,,
2009,2,11,6,30,6,2.79596,,,,,,
2009,2,11,9,30,6,2.81247,,,,,,
2009,2,11,12,30,6,2.79984,,,,,,
2009,2,11,15,30,6,2.74834,,,,,,
2009,2,11,18,30,6,2.75342,,,,,,
2009,2,11,21,30,6,2.85219,,,,,,
2009,2,12,0,30,6,3.14126,,,,,,
2009,2,12,3,30,6,3.2082,,,,,,
2009,2,12,6,30,6,2.97829,,,,,,
2009,2,12,9,30,6,2.73603,,,,,,
2009,2,12,12,30,6,2.67136,,,,,,
2009,2,12,15,30,6,2.61349,,,,,,
2009,2,12,18,30,6,2.62801,,,,,,
2009,2,12,21,30,6,2.71213,,,,,,
2009,2,13,0,30,6,2.96862,,,,,,
2009,2,13,3,30,6,3.1282,,,,,,
2009,2,13,6,30,6,3.23447,,,,,,
2009,2,13,9,30,6,3.12454,,,,,,
2009,2,13,12,30,6,2.85217,,,,,,
2009,2,13,15,30,6,2.28603,,,,,,
2009,2,13,18,30,6,1.96265,,,,,,
2009,2,13,21,30,6,1.90616,,,,,,
2009,2,14,0,30,6,1.87684,,,,,,
2009,2,14,3,30,6,1.886,,,,,,
2009,2,14,6,30,6,1.7133,,,,,,
2009,2,14,9,30,6,1.4848,,,,,,
2009,2,14,12,30,6,1.3502,,,,,,
2009,2,14,15,30,6,1.26935,,,,,,
2009,2,14,18,30,6,1.20698,,,,,,
2009,2,14,21,30,6,1.14908,,,,,,
2009,2,15,0,30,6,1.09454,,,,,,
2009,2,15,3,30,6,1.19754,,,,,,
2009,2,15,6,30,6,1.70701,,,,,,
2009,2,15,9,30,6,2.27413,,,,,,
2009,2,15,12,30,6,3.13765,,,,,,
2009,2,15,15,30,6,3.669,,,,,,
2009,2,15,18,30,6,3.42507,,,,,,
2009,2,15,21,30,6,3.22076,,,,,,
2009,2,16,0,30,6,3.22805,,,,,,
2009,2,16,3,30,6,3.19396,,,,,,
2009,2,16,6,30,6,2.99216,,,,,,
2009,2,16,9,30,6,2.81321,,,,,,
2009,2,16,12,30,6,2.69195,,,,,,
2009,2,16,15,30,6,2.66939,,,,,,
2009,2,16,18,30,6,2.70298,,,,,,
2009,2,16,21,30,6,3.10322,,,,,,
2009,2,17,0,30,6,3.25651,,,,,,
2009,2,17,3,30,6,3.90504,,,,,,
2009,2,17,6,30,6,4.53096,,,,,,
2009,2,17,9,30,6,5.28714,,,,,,
2009,2,17,12,30,6,5.43227,,,,,,
2009,2,17,15,30,6,5.23485,,,,,,
2009,2,17,18,30,6,4.55777,,,,,,
2009,2,17,21,30,6,3.96046,,,,,,
2009,2,18,0,30,6,3.541,,,,,,
2009,2,18,3,30,6,3.26645,,,,,,
2009,2,18,6,30,6,3.05272,,,,,,
2009,2,18,9,30,6,2.86352,,,,,,
2009,2,18,12,30,6,2.71622,,,,,,
2009,2,18,15,30,6,3.08394,,,,,,
2009,2,18,18,30,6,3.58418,,,,,,
2009,2,18,21,30,6,4.03133,,,,,,
2009,2,19,0,30,6,4.15765,,,,,,
2009,2,19,3,30,6,4.25224,,,,,,
2009,2,19,6,30,6,4.28533,,,,,,
2009,2,19,9,30,6,4.19166,,,,,,
2009,2,19,12,30,6,4.15124,,,,,,
2009,2,19,15,30,6,3.93825,,,,,,
2009,2,19,18,30,6,3.92394,,,,,,
2009,2,19,21,30,6,3.78618,,,,,,
2009,2,20,0,30,6,3.46023,,,,,,
2009,2,20,3,30,6,3.28794,,,,,,
2009,2,20,6,30,6,3.21448,,,,,,
2009,2,20,9,30,6,3.14416,,,,,,
2009,2,20,12,30,6,3.05612,,,,,,
2009,2,20,15,30,6,2.96382,,,,,,
2009,2,20,18,30,6,2.85995,,,,,,
2009,2,20,21,30,6,2.77424,,,,,,
2009,2,21,0,30,6,2.74223,,,,,,
2009,2,21,3,30,6,2.73711,,,,,,
2009,2,21,6,30,6,2.68617,,,,,,
2009,2,21,9,30,6,2.58359,,,,,,
2009,2,21,12,30,6,2.46528,,,,,,
2009,2,21,15,30,6,2.35679,,,,,,
2009,2,21,18,30,6,2.27763,,,,,,
2009,2,21,21,30,6,2.24464,,,,,,
2009,2,22,0,30,6,2.24647,,,,,,
2009,2,22,3,30,6,2.27272,,,,,,
2009,2,22,6,30,6,2.3414,,,,,,
2009,2,22,9,30,6,2.41412,,,,,,
2009,2,22,12,30,6,2.46561,,,,,,
2009,2,22,15,30,6,2.4705,,,,,,
2009,2,22,18,30,6,2.4285,,,,,,
2009,2,22,21,30,6,2.35834,,,,,,
2009,2,23,0,30,6,2.27217,,,,,,
2009,2,23,3,30,6,2.175,,,,,,
2009,2,23,6,30,6,2.06289,,,,,,
2009,2,23,9,30,6,1.9357,,,,,,
2009,2,23,12,30,6,1.80141,,,,,,
2009,2,23,15,30,6,1.67599,,,,,,
2009,2,23,18,30,6,1.6092,,,,,,
2009,2,23,21,30,6,1.61138,,,,,,
2009,2,24,0,30,6,1.65757,,,,,,
2009,2,24,3,30,6,1.70374,,,,,,
2009,2,24,6,30,6,1.8047,,,,,,
2009,2,24,9,30,6,1.8732,,,,,,
2009,2,24,12,30,6,1.88883,,,,,,
2009,2,24,15,30,6,1.79407,,,,,,
2009,2,24,18,30,6,1.72905,,,,,,
2009,2,24,21,30,6,1.69373,,,,,,
2009,2,25,0,30,6,1.6704,,,,,,
2009,2,25,3,30,6,1.69713,,,,,,
2009,2,25,6,30,6,1.76819,,,,,,
2009,2,25,9,30,6,1.82067,,,,,,
2009,2,25,12,30,6,1.82032,,,,,,
2009,2,25,15,30,6,1.77907,,,,,,
2009,2,25,18,30,6,1.74594,,,,,,
2009,2,25,21,30,6,1.78152,,,,,,
2009,2,26,0,30,6,1.87012,,,,,,
2009,2,26,3,30,6,1.95453,,,,,,
2009,2,26,6,30,6,2.02089,,,,,,
2009,2,26,9,30,6,1.97967,,,,,,
2009,2,26,12,30,6,1.83848,,,,,,
2009,2,26,15,30,6,1.68304,,,,,,
2009,2,26,18,30,6,1.5804,,,,,,
2009,2,26,21,30,6,1.56759,,,,,,
2009,2,27,0,30,6,1.62436,,,,,,
2009,2,27,3,30,6,1.67461,,,,,,
2009,2,27,6,30,6,1.68361,,,,,,
2009,2,27,9,30,6,1.66139,,,,,,
2009,2,27,12,30,6,1.62962,,,,,,
2009,2,27,15,30,6,1.59554,,,,,,
2009,2,27,18,30,6,1.56262,,,,,,
2009,2,27,21,30,6,1.50745,,,,,,
2009,2,28,0,30,6,1.43113,,,,,,
2009,2,28,3,30,6,1.39202,,,,,,
2009,2,28,6,30,6,1.39287,,,,,,
2009,2,28,9,30,6,1.43124,,,,,,
2009,2,28,12,30,6,1.49731,,,,,,
2009,2,28,15,30,6,1.53657,,,,,,
2012,2,28,18,30,6,1.5551,,,,,,
2012,2,28,21,30,6,1.54822,,,,,,
2012,3,1,0,30,6,1.53536,,,,,,
2012,3,1,3,30,6,1.57459,,,,,,
2012,3,1,6,30,6,1.61178,,,,,,
2012,3,1,9,30,6,1.63748,,,,,,
2012,3,1,12,30,6,1.64815,,,,,,
2012,3,1,15,30,6,1.61436,,,,,,
2012,3,1,18,30,6,1.54865,,,,,,
2012,3,1,21,30,6,1.4757,,,,,,
2012,3,2,0,30,6,1.45582,,,,,,
2012,3,2,3,30,6,1.56915,,,,,,
2012,3,2,6,30,6,1.62317,,,,,,
2012,3,2,9,30,6,1.61656,,,,,,
2012,3,2,12,30,6,1.57093,,,,,,
2012,3,2,15,30,6,1.49649,,,,,,
2012,3,2,18,30,6,1.44647,,,,,,
2012,3,2,21,30,6,1.41951,,,,,,
2012,3,3,0,30,6,1.36011,,,,,,
2012,3,3,3,30,6,1.38039,,,,,,
2012,3,3,6,30,6,1.44843,,,,,,
2012,3,3,9,30,6,1.525,,,,,,
2012,3,3,12,30,6,1.52316,,,,,,
2012,3,3,15,30,6,1.47929,,,,,,
2012,3,3,18,30,6,1.44235,,,,,,
2012,3,3,21,30,6,1.45207,,,,,,
2012,3,4,0,30,6,1.54207,,,,,,
2012,3,4,3,30,6,1.72715,,,,,,
2012,3,4,6,30,6,1.96165,,,,,,
2012,3,4,9,30,6,2.22361,,,,,,
2012,3,4,12,30,6,2.51809,,,,,,
2012,3,4,15,30,6,2.79211,,,,,,
2012,3,4,18,30,6,2.95737,,,,,,
2012,3,4,21,30,6,2.88711,,,,,,
2012,3,5,0,30,6,2.6714,,,,,,
2012,3,5,3,30,6,2.52536,,,,,,
2012,3,5,6,30,6,2.38956,,,,,,
2012,3,5,9,30,6,2.25546,,,,,,
2012,3,5,12,30,6,2.17407,,,,,,
2012,3,5,15,30,6,2.22413,,,,,,
2012,3,5,18,30,6,2.20718,,,,,,
2012,3,5,21,30,6,2.187,,,,,,
2012,3,6,0,30,6,2.16881,,,,,,
2012,3,6,3,30,6,2.08643,,,,,,
2012,3,6,6,30,6,1.95448,,,,,,
2012,3,6,9,30,6,1.8065,,,,,,
2012,3,6,12,30,6,1.67314,,,,,,
2012,3,6,15,30,6,1.57196,,,,,,
2012,3,6,18,30,6,1.50383,,,,,,
2012,3,6,21,30,6,1.46331,,,,,,
2012,3,7,0,30,6,1.46015,,,,,,
2012,3,7,3,30,6,1.51197,,,,,,
2012,3,7,6,30,6,1.57533,,,,,,
2012,3,7,9,30,6,1.61626,,,,,,
2012,3,7,12,30,6,1.65318,,,,,,
2012,3,7,15,30,6,1.65373,,,,,,
2012,3,7,18,30,6,1.63109,,,,,,
2012,3,7,21,30,6,1.64324,,,,,,
2012,3,8,0,30,6,1.64839,,,,,,
2012,3,8,3,30,6,1.62944,,,,,,
2012,3,8,6,30,6,1.75796,,,,,,
2012,3,8,9,30,6,2.1459,,,,,,
2012,3,8,12,30,6,2.73948,,,,,,
2012,3,8,15,30,6,4.10117,,,,,,
2012,3,8,18,30,6,4.03586,,,,,,
2012,3,8,21,30,6,3.49781,,,,,,
2012,3,9,0,30,6,3.57779,,,,,,
2012,3,9,3,30,6,3.8833,,,,,,
2012,3,9,6,30,6,3.28886,,,,,,
2012,3,9,9,30,6,2.85584,,,,,,
2012,3,9,12,30,6,2.93752,,,,,,
2012,3,9,15,30,6,4.08486,,,,,,
2012,3,9,18,30,6,4.64118,,,,,,
2012,3,9,21,30,6,6.33453,,,,,,
2012,3,10,0,30,6,7.08372,,,,,,
2012,3,10,3,30,6,5.99238,,,,,,
2012,3,10,6,30,6,5.23455,,,,,,
2012,3,10,9,30,6,4.91189,,,,,,
2012,3,10,12,30,6,4.8789,,,,,,
2012,3,10,15,30,6,4.60733,,,,,,
2012,3,10,18,30,6,4.32403,,,,,,
2012,3,10,21,30,6,4.04864,,,,,,
2012,3,11,0,30,6,4.0362,,,,,,
2012,3,11,3,30,6,4.52916,,,,,,
2012,3,11,6,30,6,4.33863,,,,,,
2012,3,11,9,30,6,4.29297,,,,,,
2012,3,11,12,30,6,4.24379,,,,,,
2012,3,11,15,30,6,4.07471,,,,,,
2012,3,11,18,30,6,3.91844,,,,,,
2012,3,11,21,30,6,3.64253,,,,,,
2012,3,12,0,30,6,3.36103,,,,,,
2012,3,12,3,30,6,3.22981,,,,,,
2012,3,12,6,30,6,3.09247,,,,,,
2012,3,12,9,30,6,2.99999,,,,,,
2012,3,12,12,30,6,2.94325,,,,,,
2012,3,12,15,30,6,2.9539,,,,,,
2012,3,12,18,30,6,3.07227,,,,,,
2012,3,12,21,30,6,3.18296,,,,,,
2012,3,13,0,30,6,3.22084,,,,,,
2012,3,13,3,30,6,3.38672,,,,,,
2012,3,13,6,30,6,4.01908,,,,,,
2012,3,13,9,30,6,5.78694,,,,,,
2012,3,13,12,30,6,5.75443,,,,,,
2012,3,13,15,30,6,5.14794,,,,,,
2012,3,13,18,30,6,4.54946,,,,,,
2012,3,13,21,30,6,4.07939,,,,,,
2012,3,14,0,30,6,3.79802,,,,,,
2012,3,14,3,30,6,3.43409,,,,,,
2012,3,14,6,30,6,3.26306,,,,,,
2012,3,14,9,30,6,3.29101,,,,,,
2012,3,14,12,30,6,3.70064,,,,,,
2012,3,14,15,30,6,5.1781,,,,,,
2012,3,14,18,30,6,4.60672,,,,,,
2012,3,14,21,30,6,4.20667,,,,,,
2012,3,15,0,30,6,3.85572,,,,,,
2012,3,15,3,30,6,3.65987,,,,,,
2012,3,15,6,30,6,3.45864,,,,,,
2012,3,15,9,30,6,3.2075,,,,,,
2012,3,15,12,30,6,3.03656,,,,,,
2012,3,15,15,30,6,2.89359,,,,,,
2012,3,15,18,30,6,2.77761,,,,,,
2012,3,15,21,30,6,2.7255,,,,,,
2012,3,16,0,30,6,2.66058,,,,,,
2012,3,16,3,30,6,2.60057,,,,,,
2012,3,16,6,30,6,2.55159,,,,,,
2012,3,16,9,30,6,2.47198,,,,,,
2012,3,16,12,30,6,2.3771,,,,,,
2012,3,16,15,30,6,2.29484,,,,,,
2012,3,16,18,30,6,2.20815,,,,,,
2012,3,16,21,30,6,2.07209,,,,,,
2012,3,17,0,30,6,1.9497,,,,,,
2012,3,17,3,30,6,1.838,,,,,,
2012,3,17,6,30,6,1.73197,,,,,,
2012,3,17,9,30,6,1.64125,,,,,,
2012,3,17,12,30,6,1.63658,,,,,,
2012,3,17,15,30,6,1.87109,,,,,,
2012,3,17,18,30,6,2.28705,,,,,,
2012,3,17,21,30,6,2.62755,,,,,,
2012,3,18,0,30,6,3.18583,,,,,,
2012,3,18,3,30,6,3.51297,,,,,,
2012,3,18,6,30,6,4.18489,,,,,,
2012,3,18,9,30,6,3.88809,,,,,,
2012,3,18,12,30,6,3.56314,,,,,,
2012,3,18,15,30,6,3.55526,,,,,,
2012,3,18,18,30,6,3.44554,,,,,,
2012,3,18,21,30,6,3.44549,,,,,,
2012,3,19,0,30,6,3.52468,,,,,,
2012,3,19,3,30,6,3.52861,,,,,,
2012,3,19,6,30,6,3.42547,,,,,,
2012,3,19,9,30,6,3.47739,,,,,,
2012,3,19,12,30,6,3.62949,,,,,,
2012,3,19,15,30,6,3.62528,,,,,,
2012,3,19,18,30,6,3.50748,,,,,,
2012,3,19,21,30,6,3.36126,,,,,,
2012,3,20,0,30,6,3.24926,,,,,,
2012,3,20,3,30,6,3.57767,,,,,,
2012,3,20,6,30,6,5.08784,,,,,,
2012,3,20,9,30,6,5.65352,,,,,,
2012,3,20,12,30,6,5.60762,,,,,,
2012,3,20,15,30,6,6.72691,,,,,,
2012,3,20,18,30,6,7.11389,,,,,,
2012,3,20,21,30,6,7.36337,,,,,,
2012,3,21,0,30,6,6.82069,,,,,,
2012,3,21,3,30,6,6.47161,,,,,,
2012,3,21,6,30,6,5.93945,,,,,,
2012,3,21,9,30,6,5.47158,,,,,,
2012,3,21,12,30,6,4.94446,,,,,,
2012,3,21,15,30,6,4.50847,,,,,,
2012,3,21,18,30,6,4.37019,,,,,,
2012,3,21,21,30,6,4.47506,,,,,,
2012,3,22,0,30,6,4.31268,,,,,,
2012,3,22,3,30,6,4.02409,,,,,,
2012,3,22,6,30,6,3.81781,,,,,,
2012,3,22,9,30,6,3.74782,,,,,,
2012,3,22,12,30,6,3.52177,,,,,,
2012,3,22,15,30,6,3.58247,,,,,,
2012,3,22,18,30,6,4.10536,,,,,,
2012,3,22,21,30,6,4.56574,,,,,,
2012,3,23,0,30,6,4.87088,,,,,,
2012,3,23,3,30,6,5.17447,,,,,,
2012,3,23,6,30,6,5.17091,,,,,,
2012,3,23,9,30,6,4.98031,,,,,,
2012,3,23,12,30,6,4.79781,,,,,,
2012,3,23,15,30,6,4.56385,,,,,,
2012,3,23,18,30,6,4.24021,,,,,,
2012,3,23,21,30,6,3.92214,,,,,,
2012,3,24,0,30,6,3.65507,,,,,,
2012,3,24,3,30,6,3.44436,,,,,,
2012,3,24,6,30,6,3.56999,,,,,,
2012,3,24,9,30,6,3.75997,,,,,,
2012,3,24,12,30,6,3.54179,,,,,,
2012,3,24,15,30,6,3.39431,,,,,,
2012,3,24,18,30,6,3.29574,,,,,,
2012,3,24,21,30,6,3.20977,,,,,,
2012,3,25,0,30,6,3.17892,,,,,,
2012,3,25,3,30,6,2.97979,,,,,,
2012,3,25,6,30,6,2.82802,,,,,,
2012,3,25,9,30,6,2.7215,,,,,,
2012,3,25,12,30,6,2.61383,,,,,,
2012,3,25,15,30,6,2.47728,,,,,,
2012,3,25,18,30,6,2.31963,,,,,,
2012,3,25,21,30,6,2.15093,,,,,,
2012,3,26,0,30,6,1.98691,,,,,,
2012,3,26,3,30,6,1.84137,,,,,,
2012,3,26,6,30,6,1.73178,,,,,,
2012,3,26,9,30,6,1.64816,,,,,,
2012,3,26,12,30,6,1.60343,,,,,,
2012,3,26,15,30,6,1.63349,,,,,,
2012,3,26,18,30,6,1.76172,,,,,,
2012,3,26,21,30,6,1.89869,,,,,,
2012,3,27,0,30,6,2.0275,,,,,,
2012,3,27,3,30,6,2.14184,,,,,,
2012,3,27,6,30,6,2.12025,,,,,,
2012,3,27,9,30,6,2.00905,,,,,,
2012,3,27,12,30,6,1.8618,,,,,,
2012,3,27,15,30,6,1.77823,,,,,,
2012,3,27,18,30,6,1.7053,,,,,,
2012,3,27,21,30,6,1.66124,,,,,,
2012,3,28,0,30,6,1.72078,,,,,,
2012,3,28,3,30,6,1.92505,,,,,,
2012,3,28,6,30,6,1.9703,,,,,,
2012,3,28,9,30,6,1.89041,,,,,,
2012,3,28,12,30,6,1.84692,,,,,,
2012,3,28,15,30,6,1.74713,,,,,,
2012,3,28,18,30,6,1.63769,,,,,,
2012,3,28,21,30,6,1.50289,,,,,,
2012,3,29,0,30,6,1.42303,,,,,,
2012,3,29,3,30,6,1.41788,,,,,,
2012,3,29,6,30,6,1.45998,,,,,,
2012,3,29,9,30,6,1.5378,,,,,,
2012,3,29,12,30,6,1.58903,,,,,,
2012,3,29,15,30,6,1.54489,,,,,,
2012,3,29,18,30,6,1.44009,,,,,,
2012,3,29,21,30,6,1.3022,,,,,,
2012,3,30,0,30,6,1.22074,,,,,,
2012,3,30,3,30,6,1.15562,,,,,,
2012,3,30,6,30,6,1.10124,,,,,,
2012,3,30,9,30,6,1.05293,,,,,,
2012,3,30,12,30,6,1.0314,,,,,,
2012,3,30,15,30,6,1.02947,,,,,,
2012,3,30,18,30,6,1.02032,,,,,,
2012,3,30,21,30,6,1.00443,,,,,,
2012,3,31,0,30,6,1.03306,,,,,,
2012,3,31,3,30,6,1.14651,,,,,,
2012,3,31,6,30,6,1.41851,,,,,,
2012,3,31,9,30,6,1.72202,,,,,,
2012,3,31,12,30,6,1.95343,,,,,,
2012,3,31,15,30,6,2.10186,,,,,,
2012,3,31,18,30,6,2.2379,,,,,,
2012,3,31,21,30,6,2.32476,,,,,,
2012,4,1,0,30,6,2.16576,,,,,,
2012,4,1,3,30,6,2.20262,,,,,,
2012,4,1,6,30,6,2.36042,,,,,,
2012,4,1,9,30,6,2.50822,,,,,,
2012,4,1,12,30,6,2.62235,,,,,,
2012,4,1,15,30,6,2.75191,,,,,,
2012,4,1,18,30,6,2.91046,,,,,,
2012,4,1,21,30,6,3.04973,,,,,,
2012,4,2,0,30,6,3.11905,,,,,,
2012,4,2,3,30,6,3.11927,,,,,,
2012,4,2,6,30,6,3.07202,,,,,,
2012,4,2,9,30,6,2.989,,,,,,
2012,4,2,12,30,6,2.87473,,,,,,
2012,4,2,15,30,6,2.73597,,,,,,
2012,4,2,18,30,6,2.57954,,,,,,
2012,4,2,21,30,6,2.41646,,,,,,
2012,4,3,0,30,6,2.26421,,,,,,
2012,4,3,3,30,6,2.14819,,,,,,
2012,4,3,6,30,6,2.07108,,,,,,
2012,4,3,9,30,6,2.02561,,,,,,
2012,4,3,12,30,6,2.02063,,,,,,
2012,4,3,15,30,6,2.02504,,,,,,
2012,4,3,18,30,6,2.00386,,,,,,
2012,4,3,21,30,6,1.94716,,,,,,
2012,4,4,0,30,6,1.89737,,,,,,
2012,4,4,3,30,6,1.91878,,,,,,
2012,4,4,6,30,6,2.02719,,,,,,
2012,4,4,9,30,6,2.15202,,,,,,
2012,4,4,12,30,6,2.22679,,,,,,
2012,4,4,15,30,6,2.21098,,,,,,
2012,4,4,18,30,6,2.23519,,,,,,
2012,4,4,21,30,6,2.33131,,,,,,
2012,4,5,0,30,6,2.32365,,,,,,
2012,4,5,3,30,6,2.33508,,,,,,
2012,4,5,6,30,6,2.34043,,,,,,
2012,4,5,9,30,6,2.34249,,,,,,
2012,4,5,12,30,6,2.35016,,,,,,
2012,4,5,15,30,6,2.35969,,,,,,
2012,4,5,18,30,6,2.3558,,,,,,
2012,4,5,21,30,6,2.32121,,,,,,
2012,4,6,0,30,6,2.33279,,,,,,
2012,4,6,3,30,6,2.42823,,,,,,
2012,4,6,6,30,6,2.4894,,,,,,
2012,4,6,9,30,6,2.65399,,,,,,
2012,4,6,12,30,6,2.86546,,,,,,
2012,4,6,15,30,6,2.97739,,,,,,
2012,4,6,18,30,6,2.88007,,,,,,
2012,4,6,21,30,6,2.91052,,,,,,
2012,4,7,0,30,6,2.77148,,,,,,
2012,4,7,3,30,6,3.37835,,,,,,
2012,4,7,6,30,6,4.09842,,,,,,
2012,4,7,9,30,6,4.40984,,,,,,
2012,4,7,12,30,6,3.8829,,,,,,
2012,4,7,15,30,6,3.80302,,,,,,
2012,4,7,18,30,6,4.06027,,,,,,
2012,4,7,21,30,6,4.06817,,,,,,
2012,4,8,0,30,6,4.20483,,,,,,
2012,4,8,3,30,6,4.59576,,,,,,
2012,4,8,6,30,6,5.00725,,,,,,
2012,4,8,9,30,6,5.06637,,,,,,
2012,4,8,12,30,6,4.87428,,,,,,
2012,4,8,15,30,6,4.60705,,,,,,
2012,4,8,18,30,6,4.35794,,,,,,
2012,4,8,21,30,6,4.23049,,,,,,
2012,4,9,0,30,6,4.0702,,,,,,
2012,4,9,3,30,6,3.92171,,,,,,
2012,4,9,6,30,6,3.79508,,,,,,
2012,4,9,9,30,6,3.75411,,,,,,
2012,4,9,12,30,6,3.63567,,,,,,
2012,4,9,15,30,6,3.44279,,,,,,
2012,4,9,18,30,6,3.2433,,,,,,
2012,4,9,21,30,6,3.06259,,,,,,
2012,4,10,0,30,6,2.91374,,,,,,
2012,4,10,3,30,6,2.79653,,,,,,
2012,4,10,6,30,6,2.69442,,,,,,
2012,4,10,9,30,6,2.5802,,,,,,
2012,4,10,12,30,6,2.41802,,,,,,
2012,4,10,15,30,6,2.22724,,,,,,
2012,4,10,18,30,6,2.19212,,,,,,
2012,4,10,21,30,6,2.47348,,,,,,
2012,4,11,0,30,6,2.90754,,,,,,
2012,4,11,3,30,6,2.96683,,,,,,
2012,4,11,6,30,6,2.7916,,,,,,
2012,4,11,9,30,6,2.80509,,,,,,
2012,4,11,12,30,6,2.94236,,,,,,
2012,4,11,15,30,6,3.22245,,,,,,
2012,4,11,18,30,6,3.50855,,,,,,
2012,4,11,21,30,6,3.6086,,,,,,
2012,4,12,0,30,6,3.59829,,,,,,
2012,4,12,3,30,6,3.51364,,,,,,
2012,4,12,6,30,6,3.34195,,,,,,
2012,4,12,9,30,6,3.12716,,,,,,
2012,4,12,12,30,6,2.93017,,,,,,
2012,4,12,15,30,6,2.75561,,,,,,
2012,4,12,18,30,6,2.59668,,,,,,
2012,4,12,21,30,6,2.45475,,,,,,
2012,4,13,0,30,6,2.33592,,,,,,
2012,4,13,3,30,6,2.25595,,,,,,
2012,4,13,6,30,6,2.43677,,,,,,
2012,4,13,9,30,6,2.66681,,,,,,
2012,4,13,12,30,6,2.66029,,,,,,
2012,4,13,15,30,6,2.49583,,,,,,
2012,4,13,18,30,6,2.31846,,,,,,
2012,4,13,21,30,6,2.19808,,,,,,
2012,4,14,0,30,6,2.18397,,,,,,
2012,4,14,3,30,6,2.26777,,,,,,
2012,4,14,6,30,6,2.29621,,,,,,
2012,4,14,9,30,6,2.30767,,,,,,
2012,4,14,12,30,6,2.34764,,,,,,
2012,4,14,15,30,6,2.365,,,,,,
2012,4,14,18,30,6,2.30537,,,,,,
2012,4,14,21,30,6,2.20251,,,,,,
2012,4,15,0,30,6,2.07358,,,,,,
2012,4,15,3,30,6,1.96784,,,,,,
2012,4,15,6,30,6,1.86298,,,,,,
2012,4,15,9,30,6,1.78781,,,,,,
2012,4,15,12,30,6,1.80408,,,,,,
2012,4,15,15,30,6,1.78304,,,,,,
2012,4,15,18,30,6,1.72657,,,,,,
2012,4,15,21,30,6,1.86236,,,,,,
2012,4,16,0,30,6,2.06249,,,,,,
2012,4,16,3,30,6,2.26584,,,,,,
2012,4,16,6,30,6,2.52766,,,,,,
2012,4,16,9,30,6,2.64845,,,,,,
2012,4,16,12,30,6,2.57815,,,,,,
2012,4,16,15,30,6,2.49145,,,,,,
2012,4,16,18,30,6,2.42245,,,,,,
2012,4,16,21,30,6,2.37708,,,,,,
2012,4,17,0,30,6,2.39253,,,,,,
2012,4,17,3,30,6,2.34119,,,,,,
2012,4,17,6,30,6,2.21255,,,,,,
2012,4,17,9,30,6,2.07699,,,,,,
2012,4,17,12,30,6,1.9457,,,,,,
2012,4,17,15,30,6,1.88986,,,,,,
2012,4,17,18,30,6,2.05994,,,,,,
2012,4,17,21,30,6,2.74879,,,,,,
2012,4,18,0,30,6,2.98588,,,,,,
2012,4,18,3,30,6,3.29141,,,,,,
2012,4,18,6,30,6,3.41938,,,,,,
2012,4,18,9,30,6,3.34361,,,,,,
2012,4,18,12,30,6,3.27923,,,,,,
2012,4,18,15,30,6,3.15282,,,,,,
2012,4,18,18,30,6,2.98249,,,,,,
2012,4,18,21,30,6,2.8489,,,,,,
2012,4,19,0,30,6,2.78269,,,,,,
2012,4,19,3,30,6,2.73627,,,,,,
2012,4,19,6,30,6,2.71482,,,,,,
2012,4,19,9,30,6,2.7335,,,,,,
2012,4,19,12,30,6,2.7582,,,,,,
2012,4,19,15,30,6,2.75161,,,,,,
2012,4,19,18,30,6,2.70436,,,,,,
2012,4,19,21,30,6,2.67085,,,,,,
2012,4,20,0,30,6,2.99464,,,,,,
2012,4,20,3,30,6,3.36994,,,,,,
2012,4,20,6,30,6,3.21809,,,,,,
2012,4,20,9,30,6,3.21415,,,,,,
2012,4,20,12,30,6,3.06325,,,,,,
2012,4,20,15,30,6,3.22364,,,,,,
2012,4,20,18,30,6,3.19478,,,,,,
2012,4,20,21,30,6,3.19535,,,,,,
2012,4,21,0,30,6,3.2212,,,,,,
2012,4,21,3,30,6,3.2136,,,,,,
2012,4,21,6,30,6,3.17773,,,,,,
2012,4,21,9,30,6,3.13299,,,,,,
2012,4,21,12,30,6,3.07396,,,,,,
2012,4,21,15,30,6,2.99096,,,,,,
2012,4,21,18,30,6,2.8954,,,,,,
2012,4,21,21,30,6,2.79515,,,,,,
2012,4,22,0,30,6,2.67793,,,,,,
2012,4,22,3,30,6,2.53047,,,,,,
2012,4,22,6,30,6,2.36633,,,,,,
2012,4,22,9,30,6,2.21207,,,,,,
2012,4,22,12,30,6,2.07066,,,,,,
2012,4,22,15,30,6,1.91823,,,,,,
2012,4,22,18,30,6,1.74285,,,,,,
2012,4,22,21,30,6,1.60466,,,,,,
2012,4,23,0,30,6,1.66481,,,,,,
2012,4,23,3,30,6,1.9082,,,,,,
2012,4,23,6,30,6,2.08801,,,,,,
2012,4,23,9,30,6,2.19285,,,,,,
2012,4,23,12,30,6,2.21436,,,,,,
2012,4,23,15,30,6,2.15273,,,,,,
2012,4,23,18,30,6,2.0368,,,,,,
2012,4,23,21,30,6,1.90732,,,,,,
2012,4,24,0,30,6,1.89506,,,,,,
2012,4,24,3,30,6,1.93861,,,,,,
2012,4,24,6,30,6,1.9526,,,,,,
2012,4,24,9,30,6,1.99119,,,,,,
2012,4,24,12,30,6,2.00895,,,,,,
2012,4,24,15,30,6,1.97024,,,,,,
2012,4,24,18,30,6,1.88522,,,,,,
2012,4,24,21,30,6,1.80056,,,,,,
2012,4,25,0,30,6,1.74467,,,,,,
2012,4,25,3,30,6,1.71724,,,,,,
2012,4,25,6,30,6,1.66438,,,,,,
2012,4,25,9,30,6,1.60073,,,,,,
2012,4,25,12,30,6,1.55952,,,,,,
2012,4,25,15,30,6,1.54722,,,,,,
2012,4,25,18,30,6,1.54397,,,,,,
2012,4,25,21,30,6,1.53399,,,,,,
2012,4,26,0,30,6,1.54005,,,,,,
2012,4,26,3,30,6,1.55383,,,,,,
2012,4,26,6,30,6,1.56525,,,,,,
2012,4,26,9,30,6,1.57605,,,,,,
2012,4,26,12,30,6,1.58557,,,,,,
2012,4,26,15,30,6,1.60488,,,,,,
2012,4,26,18,30,6,1.62923,,,,,,
2012,4,26,21,30,6,1.6452,,,,,,
2012,4,27,0,30,6,1.64128,,,,,,
2012,4,27,3,30,6,1.62268,,,,,,
2012,4,27,6,30,6,1.59445,,,,,,
2012,4,27,9,30,6,1.5556,,,,,,
2012,4,27,12,30,6,1.50636,,,,,,
2012,4,27,15,30,6,1.46462,,,,,,
2012,4,27,18,30,6,1.44442,,,,,,
2012,4,27,21,30,6,1.43847,,,,,,
2012,4,28,0,30,6,1.43747,,,,,,
2012,4,28,3,30,6,1.4594,,,,,,
2012,4,28,6,30,6,1.52489,,,,,,
2012,4,28,9,30,6,1.66106,,,,,,
2012,4,28,12,30,6,1.77713,,,,,,
2012,4,28,15,30,6,1.74647,,,,,,
2012,4,28,18,30,6,1.68319,,,,,,
2012,4,28,21,30,6,1.65802,,,,,,
2012,4,29,0,30,6,1.62764,,,,,,
2012,4,29,3,30,6,1.60203,,,,,,
2012,4,29,6,30,6,1.58905,,,,,,
2012,4,29,9,30,6,1.57667,,,,,,
2012,4,29,12,30,6,1.56611,,,,,,
2012,4,29,15,30,6,1.56017,,,,,,
2012,4,29,18,30,6,1.54897,,,,,,
2012,4,29,21,30,6,1.52191,,,,,,
2012,4,30,0,30,6,1.48466,,,,,,
2012,4,30,3,30,6,1.44817,,,,,,
2012,4,30,6,30,6,1.42059,,,,,,
2012,4,30,9,30,6,1.40527,,,,,,
2012,4,30,12,30,6,1.39767,,,,,,
2012,4,30,15,30,6,1.38626,,,,,,
1999,4,30,18,30,6,1.37547,,,,,,
1999,4,30,21,30,6,1.36999,,,,,,
1999,5,1,0,30,6,1.38304,,,,,,
1999,5,1,3,30,6,1.40952,,,,,,
1999,5,1,6,30,6,1.40704,,,,,,
1999,5,1,9,30,6,1.3948,,,,,,
1999,5,1,12,30,6,1.37858,,,,,,
1999,5,1,15,30,6,1.3595,,,,,,
1999,5,1,18,30,6,1.34562,,,,,,
1999,5,1,21,30,6,1.3454,,,,,,
1999,5,2,0,30,6,1.47659,,,,,,
1999,5,2,3,30,6,1.63075,,,,,,
1999,5,2,6,30,6,1.81255,,,,,,
1999,5,2,9,30,6,1.81614,,,,,,
1999,5,2,12,30,6,1.70894,,,,,,
1999,5,2,15,30,6,1.62179,,,,,,
1999,5,2,18,30,6,1.56064,,,,,,
1999,5,2,21,30,6,1.52755,,,,,,
1999,5,3,0,30,6,1.48872,,,,,,
1999,5,3,3,30,6,1.45505,,,,,,
1999,5,3,6,30,6,1.43542,,,,,,
1999,5,3,9,30,6,1.42673,,,,,,
1999,5,3,12,30,6,1.42537,,,,,,
1999,5,3,15,30,6,1.42576,,,,,,
1999,5,3,18,30,6,1.41725,,,,,,
1999,5,3,21,30,6,1.40787,,,,,,
1999,5,4,0,30,6,1.43981,,,,,,
1999,5,4,3,30,6,1.52735,,,,,,
1999,5,4,6,30,6,1.61451,,,,,,
1999,5,4,9,30,6,1.61274,,,,,,
1999,5,4,12,30,6,1.53941,,,,,,
1999,5,4,15,30,6,1.50086,,,,,,
1999,5,4,18,30,6,1.5773,,,,,,
1999,5,4,21,30,6,1.65753,,,,,,
1999,5,5,0,30,6,1.78597,,,,,,
1999,5,5,3,30,6,1.72586,,,,,,
1999,5,5,6,30,6,1.71535,,,,,,
1999,5,5,9,30,6,1.76736,,,,,,
1999,5,5,12,30,6,1.76279,,,,,,
1999,5,5,15,30,6,1.71439,,,,,,
1999,5,5,18,30,6,1.71897,,,,,,
1999,5,5,21,30,6,1.76829,,,,,,
1999,5,6,0,30,6,1.88715,,,,,,
1999,5,6,3,30,6,2.0588,,,,,,
1999,5,6,6,30,6,2.24034,,,,,,
1999,5,6,9,30,6,2.3172,,,,,,
1999,5,6,12,30,6,2.31443,,,,,,
1999,5,6,15,30,6,2.28039,,,,,,
1999,5,6,18,30,6,2.233,,,,,,
1999,5,6,21,30,6,2.18394,,,,,,
1999,5,7,0,30,6,2.12161,,,,,,
1999,5,7,3,30,6,2.03647,,,,,,
1999,5,7,6,30,6,1.93603,,,,,,
1999,5,7,9,30,6,1.85689,,,,,,
1999,5,7,12,30,6,1.82126,,,,,,
1999,5,7,15,30,6,1.82064,,,,,,
1999,5,7,18,30,6,1.82652,,,,,,
1999,5,7,21,30,6,1.82019,,,,,,
1999,5,8,0,30,6,1.81006,,,,,,
1999,5,8,3,30,6,1.80226,,,,,,
1999,5,8,6,30,6,1.79165,,,,,,
1999,5,8,9,30,6,1.81518,,,,,,
1999,5,8,12,30,6,1.87956,,,,,,
1999,5,8,15,30,6,1.94563,,,,,,
1999,5,8,18,30,6,1.97964,,,,,,
1999,5,8,21,30,6,1.97602,,,,,,
1999,5,9,0,30,6,1.97829,,,,,,
1999,5,9,3,30,6,1.97146,,,,,,
1999,5,9,6,30,6,2.10326,,,,,,
1999,5,9,9,30,6,2.25122,,,,,,
1999,5,9,12,30,6,2.44968,,,,,,
1999,5,9,15,30,6,2.62984,,,,,,
1999,5,9,18,30,6,2.67575,,,,,,
1999,5,9,21,30,6,2.60557,,,,,,
1999,5,10,0,30,6,2.50366,,,,,,
1999,5,10,3,30,6,2.41752,,,,,,
1999,5,10,6,30,6,2.44163,,,,,,
1999,5,10,9,30,6,2.55132,,,,,,
1999,5,10,12,30,6,2.63458,,,,,,
1999,5,10,15,30,6,2.64969,,,,,,
1999,5,10,18,30,6,2.64355,,,,,,
1999,5,10,21,30,6,2.662,,,,,,
1999,5,11,0,30,6,2.93018,,,,,,
1999,5,11,3,30,6,3.27102,,,,,,
1999,5,11,6,30,6,3.52165,,,,,,
1999,5,11,9,30,6,3.03246,,,,,,
1999,5,11,12,30,6,2.6765,,,,,,
1999,5,11,15,30,6,2.51444,,,,,,
1999,5,11,18,30,6,2.53639,,,,,,
1999,5,11,21,30,6,2.67021,,,,,,
1999,5,12,0,30,6,2.81581,,,,,,
1999,5,12,3,30,6,2.90333,,,,,,
1999,5,12,6,30,6,2.97219,,,,,,
1999,5,12,9,30,6,3.02826,,,,,,
1999,5,12,12,30,6,3.07453,,,,,,
1999,5,12,15,30,6,3.10621,,,,,,
1999,5,12,18,30,6,3.10633,,,,,,
1999,5,12,21,30,6,3.05327,,,,,,
1999,5,13,0,30,6,2.95076,,,,,,
1999,5,13,3,30,6,2.83304,,,,,,
1999,5,13,6,30,6,2.73799,,,,,,
1999,5,13,9,30,6,2.7109,,,,,,
1999,5,13,12,30,6,2.70685,,,,,,
1999,5,13,15,30,6,2.73897,,,,,,
1999,5,13,18,30,6,2.57931,,,,,,
1999,5,13,21,30,6,2.63373,,,,,,
1999,5,14,0,30,6,2.79309,,,,,,
1999,5,14,3,30,6,2.73517,,,,,,
1999,5,14,6,30,6,2.66991,,,,,,
1999,5,14,9,30,6,2.50687,,,,,,
1999,5,14,12,30,6,2.3122,,,,,,
1999,5,14,15,30,6,2.16649,,,,,,
1999,5,14,18,30,6,2.00114,,,,,,
1999,5,14,21,30,6,1.96866,,,,,,
1999,5,15,0,30,6,2.16908,,,,,,
1999,5,15,3,30,6,2.12308,,,,,,
1999,5,15,6,30,6,2.04809,,,,,,
1999,5,15,9,30,6,2.00369,,,,,,
1999,5,15,12,30,6,2.02233,,,,,,
1999,5,15,15,30,6,2.07858,,,,,,
1999,5,15,18,30,6,2.10132,,,,,,
1999,5,15,21,30,6,2.02634,,,,,,
1999,5,16,0,30,6,2.02172,,,,,,
1999,5,16,3,30,6,2.0808,,,,,,
1999,5,16,6,30,6,2.1247,,,,,,
1999,5,16,9,30,6,2.14102,,,,,,
1999,5,16,12,30,6,2.16272,,,,,,
1999,5,16,15,30,6,2.15591,,,,,,
1999,5,16,18,30,6,2.14076,,,,,,
1999,5,16,21,30,6,2.10869,,,,,,
1999,5,17,0,30,6,2.10103,,,,,,
1999,5,17,3,30,6,2.16421,,,,,,
1999,5,17,6,30,6,2.18987,,,,,,
1999,5,17,9,30,6,2.15983,,,,,,
1999,5,17,12,30,6,2.09053,,,,,,
1999,5,17,15,30,6,2.01939,,,,,,
1999,5,17,18,30,6,1.97768,,,,,,
1999,5,17,21,30,6,1.9631,,,,,,
1999,5,18,0,30,6,1.95819,,,,,,
1999,5,18,3,30,6,1.95537,,,,,,
1999,5,18,6,30,6,2.00366,,,,,,
1999,5,18,9,30,6,2.05884,,,,,,
1999,5,18,12,30,6,2.01477,,,,,,
1999,5,18,15,30,6,1.94713,,,,,,
1999,5,18,18,30,6,1.9055,,,,,,
1999,5,18,21,30,6,1.90889,,,,,,
1999,5,19,0,30,6,2.10368,,,,,,
1999,5,19,3,30,6,2.22849,,,,,,
1999,5,19,6,30,6,2.28307,,,,,,
1999,5,19,9,30,6,2.22289,,,,,,
1999,5,19,12,30,6,2.09803,,,,,,
1999,5,19,15,30,6,2.01745,,,,,,
1999,5,19,18,30,6,1.97369,,,,,,
1999,5,19,21,30,6,2.03377,,,,,,
1999,5,20,0,30,6,2.20539,,,,,,
1999,5,20,3,30,6,2.24998,,,,,,
1999,5,20,6,30,6,2.13351,,,,,,
1999,5,20,9,30,6,1.96883,,,,,,
1999,5,20,12,30,6,1.82571,,,,,,
1999,5,20,15,30,6,1.71357,,,,,,
1999,5,20,18,30,6,1.62228,,,,,,
1999,5,20,21,30,6,1.57783,,,,,,
1999,5,21,0,30,6,1.61,,,,,,
1999,5,21,3,30,6,1.56751,,,,,,
1999,5,21,6,30,6,1.51713,,,,,,
1999,5,21,9,30,6,1.49398,,,,,,
1999,5,21,12,30,6,1.49505,,,,,,
1999,5,21,15,30,6,1.50389,,,,,,
1999,5,21,18,30,6,1.50401,,,,,,
1999,5,21,21,30,6,1.49689,,,,,,
1999,5,22,0,30,6,1.52396,,,,,,
1999,5,22,3,30,6,1.46912,,,,,,
1999,5,22,6,30,6,1.46128,,,,,,
1999,5,22,9,30,6,1.49266,,,,,,
1999,5,22,12,30,6,1.5382,,,,,,
1999,5,22,15,30,6,1.57764,,,,,,
1999,5,22,18,30,6,1.62578,,,,,,
1999,5,22,21,30,6,1.74862,,,,,,
1999,5,23,0,30,6,1.93005,,,,,,
1999,5,23,3,30,6,1.97265,,,,,,
1999,5,23,6,30,6,1.98398,,,,,,
1999,5,23,9,30,6,1.98759,,,,,,
1999,5,23,12,30,6,2.06642,,,,,,
1999,5,23,15,30,6,2.02972,,,,,,
1999,5,23,18,30,6,1.8867,,,,,,
1999,5,23,21,30,6,1.81194,,,,,,
1999,5,24,0,30,6,1.83809,,,,,,
1999,5,24,3,30,6,1.85836,,,,,,
1999,5,24,6,30,6,1.82855,,,,,,
1999,5,24,9,30,6,1.80228,,,,,,
1999,5,24,12,30,6,1.79726,,,,,,
1999,5,24,15,30,6,1.77127,,,,,,
1999,5,24,18,30,6,1.74477,,,,,,
1999,5,24,21,30,6,1.73141,,,,,,
1999,5,25,0,30,6,1.85612,,,,,,
1999,5,25,3,30,6,1.89827,,,,,,
1999,5,25,6,30,6,1.90069,,,,,,
1999,5,25,9,30,6,1.8092,,,,,,
1999,5,25,12,30,6,1.72956,,,,,,
1999,5,25,15,30,6,1.68423,,,,,,
1999,5,25,18,30,6,1.69645,,,,,,
1999,5,25,21,30,6,1.68306,,,,,,
1999,5,26,0,30,6,1.64508,,,,,,
1999,5,26,3,30,6,1.57213,,,,,,
1999,5,26,6,30,6,1.5091,,,,,,
1999,5,26,9,30,6,1.45855,,,,,,
1999,5,26,12,30,6,1.41667,,,,,,
1999,5,26,15,30,6,1.37958,,,,,,
1999,5,26,18,30,6,1.34779,,,,,,
1999,5,26,21,30,6,1.32778,,,,,,
1999,5,27,0,30,6,1.35655,,,,,,
1999,5,27,3,30,6,1.31523,,,,,,
1999,5,27,6,30,6,1.26876,,,,,,
1999,5,27,9,30,6,1.23323,,,,,,
1999,5,27,12,30,6,1.21071,,,,,,
1999,5,27,15,30,6,1.19455,,,,,,
1999,5,27,18,30,6,1.18071,,,,,,
1999,5,27,21,30,6,1.17129,,,,,,
1999,5,28,0,30,6,1.28133,,,,,,
1999,5,28,3,30,6,1.48493,,,,,,
1999,5,28,6,30,6,1.56921,,,,,,
1999,5,28,9,30,6,1.51565,,,,,,
1999,5,28,12,30,6,1.43216,,,,,,
1999,5,28,15,30,6,1.36289,,,,,,
1999,5,28,18,30,6,1.29641,,,,,,
1999,5,28,21,30,6,1.38862,,,,,,
1999,5,29,0,30,6,1.58891,,,,,,
1999,5,29,3,30,6,1.71477,,,,,,
1999,5,29,6,30,6,1.80591,,,,,,
1999,5,29,9,30,6,1.91909,,,,,,
1999,5,29,12,30,6,2.20352,,,,,,
1999,5,29,15,30,6,2.56412,,,,,,
1999,5,29,18,30,6,2.81932,,,,,,
1999,5,29,21,30,6,2.89392,,,,,,
1999,5,30,0,30,6,2.96448,,,,,,
1999,5,30,3,30,6,2.91756,,,,,,
1999,5,30,6,30,6,2.78921,,,,,,
1999,5,30,9,30,6,2.62161,,,,,,
1999,5,30,12,30,6,2.52043,,,,,,
1999,5,30,15,30,6,2.42624,,,,,,
1999,5,30,18,30,6,2.36705,,,,,,
1999,5,30,21,30,6,2.45406,,,,,,
1999,5,31,0,30,6,2.5451,,,,,,
1999,5,31,3,30,6,2.58005,,,,,,
1999,5,31,6,30,6,2.48884,,,,,,
1999,5,31,9,30,6,2.31023,,,,,,
1999,5,31,12,30,6,2.1829,,,,,,
1999,5,31,15,30,6,2.11592,,,,,,
2013,5,31,18,30,6,2.02422,,,,,,
2013,5,31,21,30,6,2.08559,,,,,,
2013,6,1,0,30,6,2.224,,,,,,
2013,6,1,3,30,6,2.19906,,,,,,
2013,6,1,6,30,6,2.20675,,,,,,
2013,6,1,9,30,6,2.14512,,,,,,
2013,6,1,12,30,6,2.10603,,,,,,
2013,6,1,15,30,6,2.0588,,,,,,
2013,6,1,18,30,6,1.9596,,,,,,
2013,6,1,21,30,6,2.02219,,,,,,
2013,6,2,0,30,6,2.28483,,,,,,
2013,6,2,3,30,6,2.29892,,,,,,
2013,6,2,6,30,6,2.27099,,,,,,
2013,6,2,9,30,6,2.10574,,,,,,
2013,6,2,12,30,6,1.99175,,,,,,
2013,6,2,15,30,6,1.89229,,,,,,
2013,6,2,18,30,6,1.78587,,,,,,
2013,6,2,21,30,6,1.70426,,,,,,
2013,6,3,0,30,6,1.69283,,,,,,
2013,6,3,3,30,6,1.68434,,,,,,
2013,6,3,6,30,6,1.63618,,,,,,
2013,6,3,9,30,6,1.559,,,,,,
2013,6,3,12,30,6,1.50063,,,,,,
2013,6,3,15,30,6,1.46561,,,,,,
2013,6,3,18,30,6,1.44732,,,,,,
2013,6,3,21,30,6,1.43662,,,,,,
2013,6,4,0,30,6,1.42829,,,,,,
2013,6,4,3,30,6,1.40251,,,,,,
2013,6,4,6,30,6,1.36757,,,,,,
2013,6,4,9,30,6,1.35705,,,,,,
2013,6,4,12,30,6,1.47622,,,,,,
2013,6,4,15,30,6,1.68871,,,,,,
2013,6,4,18,30,6,2.06008,,,,,,
2013,6,4,21,30,6,2.33201,,,,,,
2013,6,5,0,30,6,2.40143,,,,,,
2013,6,5,3,30,6,2.48838,,,,,,
2013,6,5,6,30,6,2.56064,,,,,,
2013,6,5,9,30,6,2.67138,,,,,,
2013,6,5,12,30,6,2.81644,,,,,,
2013,6,5,15,30,6,2.94528,,,,,,
2013,6,5,18,30,6,3.01323,,,,,,
2013,6,5,21,30,6,3.0012,,,,,,
2013,6,6,0,30,6,2.95794,,,,,,
2013,6,6,3,30,6,2.95195,,,,,,
2013,6,6,6,30,6,3.00568,,,,,,
2013,6,6,9,30,6,3.04474,,,,,,
2013,6,6,12,30,6,3.04784,,,,,,
2013,6,6,15,30,6,3.06,,,,,,
2013,6,6,18,30,6,3.10451,,,,,,
2013,6,6,21,30,6,3.08366,,,,,,
2013,6,7,0,30,6,3.07427,,,,,,
2013,6,7,3,30,6,3.26653,,,,,,
2013,6,7,6,30,6,3.46882,,,,,,
2013,6,7,9,30,6,3.43589,,,,,,
2013,6,7,12,30,6,3.26269,,,,,,
2013,6,7,15,30,6,3.05221,,,,,,
2013,6,7,18,30,6,2.87793,,,,,,
2013,6,7,21,30,6,2.64344,,,,,,
2013,6,8,0,30,6,2.4377,,,,,,
2013,6,8,3,30,6,2.31702,,,,,,
2013,6,8,6,30,6,2.09886,,,,,,
2013,6,8,9,30,6,1.86261,,,,,,
2013,6,8,12,30,6,1.67688,,,,,,
2013,6,8,15,30,6,1.57606,,,,,,
2013,6,8,18,30,6,1.55719,,,,,,
2013,6,8,21,30,6,1.63621,,,,,,
2013,6,9,0,30,6,1.8852,,,,,,
2013,6,9,3,30,6,1.91446,,,,,,
2013,6,9,6,30,6,1.84208,,,,,,
2013,6,9,9,30,6,1.75645,,,,,,
2013,6,9,12,30,6,1.6695,,,,,,
2013,6,9,15,30,6,1.58683,,,,,,
2013,6,9,18,30,6,1.51718,,,,,,
2013,6,9,21,30,6,1.46862,,,,,,
2013,6,10,0,30,6,1.48176,,,,,,
2013,6,10,3,30,6,1.48192,,,,,,
2013,6,10,6,30,6,1.5343,,,,,,
2013,6,10,9,30,6,1.63737,,,,,,
2013,6,10,12,30,6,1.87679,,,,,,
2013,6,10,15,30,6,2.26373,,,,,,
2013,6,10,18,30,6,3.10313,,,,,,
2013,6,10,21,30,6,3.90327,,,,,,
2013,6,11,0,30,6,3.71413,,,,,,
2013,6,11,3,30,6,3.4188,,,,,,
2013,6,11,6,30,6,3.1645,,,,,,
2013,6,11,9,30,6,3.02747,,,,,,
2013,6,11,12,30,6,2.95007,,,,,,
2013,6,11,15,30,6,2.8761,,,,,,
2013,6,11,18,30,6,2.82251,,,,,,
2013,6,11,21,30,6,2.81762,,,,,,
2013,6,12,0,30,6,2.94372,,,,,,
2013,6,12,3,30,6,3.01885,,,,,,
2013,6,12,6,30,6,2.94609,,,,,,
2013,6,12,9,30,6,2.91688,,,,,,
2013,6,12,12,30,6,3.02062,,,,,,
2013,6,12,15,30,6,3.20362,,,,,,
2013,6,12,18,30,6,3.20484,,,,,,
2013,6,12,21,30,6,3.13191,,,,,,
2013,6,13,0,30,6,3.09184,,,,,,
2013,6,13,3,30,6,3.11273,,,,,,
2013,6,13,6,30,6,3.07438,,,,,,
2013,6,13,9,30,6,2.89378,,,,,,
2013,6,13,12,30,6,2.67433,,,,,,
2013,6,13,15,30,6,2.46574,,,,,,
2013,6,13,18,30,6,2.28754,,,,,,
2013,6,13,21,30,6,2.14533,,,,,,
2013,6,14,0,30,6,2.02663,,,,,,
2013,6,14,3,30,6,1.93589,,,,,,
2013,6,14,6,30,6,1.8708,,,,,,
2013,6,14,9,30,6,1.84437,,,,,,
2013,6,14,12,30,6,1.90178,,,,,,
2013,6,14,15,30,6,1.94402,,,,,,
2013,6,14,18,30,6,1.90902,,,,,,
2013,6,14,21,30,6,1.86833,,,,,,
2013,6,15,0,30,6,1.81281,,,,,,
2013,6,15,3,30,6,1.7877,,,,,,
2013,6,15,6,30,6,1.78785,,,,,,
2013,6,15,9,30,6,1.86331,,,,,,
2013,6,15,12,30,6,2.01572,,,,,,
2013,6,15,15,30,6,2.05681,,,,,,
2013,6,15,18,30,6,1.94889,,,,,,
2013,6,15,21,30,6,1.96785,,,,,,
2013,6,16,0,30,6,2.23114,,,,,,
2013,6,16,3,30,6,2.41643,,,,,,
2013,6,16,6,30,6,2.52342,,,,,,
2013,6,16,9,30,6,2.764,,,,,,
2013,6,16,12,30,6,2.82471,,,,,,
2013,6,16,15,30,6,2.8154,,,,,,
2013,6,16,18,30,6,2.77909,,,,,,
2013,6,16,21,30,6,2.61213,,,,,,
2013,6,17,0,30,6,2.47419,,,,,,
2013,6,17,3,30,6,2.35002,,,,,,
2013,6,17,6,30,6,2.24287,,,,,,
2013,6,17,9,30,6,2.17054,,,,,,
2013,6,17,12,30,6,2.30021,,,,,,
2013,6,17,15,30,6,2.68409,,,,,,
2013,6,17,18,30,6,2.55049,,,,,,
2013,6,17,21,30,6,2.47741,,,,,,
2013,6,18,0,30,6,2.50127,,,,,,
2013,6,18,3,30,6,2.58442,,,,,,
2013,6,18,6,30,6,2.60528,,,,,,
2013,6,18,9,30,6,2.61961,,,,,,
2013,6,18,12,30,6,2.62128,,,,,,
2013,6,18,15,30,6,2.60287,,,,,,
2013,6,18,18,30,6,2.5444,,,,,,
2013,6,18,21,30,6,2.55826,,,,,,
2013,6,19,0,30,6,2.62639,,,,,,
2013,6,19,3,30,6,2.6916,,,,,,
2013,6,19,6,30,6,2.64695,,,,,,
2013,6,19,9,30,6,2.53517,,,,,,
2013,6,19,12,30,6,2.39074,,,,,,
2013,6,19,15,30,6,2.24885,,,,,,
2013,6,19,18,30,6,2.12435,,,,,,
2013,6,19,21,30,6,2.02276,,,,,,
2013,6,20,0,30,6,2.10689,,,,,,
2013,6,20,3,30,6,2.01434,,,,,,
2013,6,20,6,30,6,1.95738,,,,,,
2013,6,20,9,30,6,1.87645,,,,,,
2013,6,20,12,30,6,1.76389,,,,,,
2013,6,20,15,30,6,1.72296,,,,,,
2013,6,20,18,30,6,1.71661,,,,,,
2013,6,20,21,30,6,1.66045,,,,,,
2013,6,21,0,30,6,1.60222,,,,,,
2013,6,21,3,30,6,1.54199,,,,,,
2013,6,21,6,30,6,1.46791,,,,,,
2013,6,21,9,30,6,1.43127,,,,,,
2013,6,21,12,30,6,1.37063,,,,,,
2013,6,21,15,30,6,1.28251,,,,,,
2013,6,21,18,30,6,1.2221,,,,,,
2013,6,21,21,30,6,1.19037,,,,,,
2013,6,22,0,30,6,1.17793,,,,,,
2013,6,22,3,30,6,1.1903,,,,,,
2013,6,22,6,30,6,1.19135,,,,,,
2013,6,22,9,30,6,1.17285,,,,,,
2013,6,22,12,30,6,1.16254,,,,,,
2013,6,22,15,30,6,1.17118,,,,,,
2013,6,22,18,30,6,1.18281,,,,,,
2013,6,22,21,30,6,1.19692,,,,,,
2013,6,23,0,30,6,1.28876,,,,,,
2013,6,23,3,30,6,1.45652,,,,,,
2013,6,23,6,30,6,1.50258,,,,,,
2013,6,23,9,30,6,1.44689,,,,,,
2013,6,23,12,30,6,1.36447,,,,,,
2013,6,23,15,30,6,1.28619,,,,,,
2013,6,23,18,30,6,1.22409,,,,,,
2013,6,23,21,30,6,1.27382,,,,,,
2013,6,24,0,30,6,1.51385,,,,,,
2013,6,24,3,30,6,1.57197,,,,,,
2013,6,24,6,30,6,1.53518,,,,,,
2013,6,24,9,30,6,1.43602,,,,,,
2013,6,24,12,30,6,1.38612,,,,,,
2013,6,24,15,30,6,1.38476,,,,,,
2013,6,24,18,30,6,1.40244,,,,,,
2013,6,24,21,30,6,1.41457,,,,,,
2013,6,25,0,30,6,1.52244,,,,,,
2013,6,25,3,30,6,1.63474,,,,,,
2013,6,25,6,30,6,1.62096,,,,,,
2013,6,25,9,30,6,1.45249,,,,,,
2013,6,25,12,30,6,1.30846,,,,,,
2013,6,25,15,30,6,1.26684,,,,,,
2013,6,25,18,30,6,1.31125,,,,,,
2013,6,25,21,30,6,1.60609,,,,,,
2013,6,26,0,30,6,1.9881,,,,,,
2013,6,26,3,30,6,2.14207,,,,,,
2013,6,26,6,30,6,2.14436,,,,,,
2013,6,26,9,30,6,2.12358,,,,,,
2013,6,26,12,30,6,2.04323,,,,,,
2013,6,26,15,30,6,1.88461,,,,,,
2013,6,26,18,30,6,1.75111,,,,,,
2013,6,26,21,30,6,1.77398,,,,,,
2013,6,27,0,30,6,1.92948,,,,,,
2013,6,27,3,30,6,1.84519,,,,,,
2013,6,27,6,30,6,1.70239,,,,,,
2013,6,27,9,30,6,1.5674,,,,,,
2013,6,27,12,30,6,1.52755,,,,,,
2013,6,27,15,30,6,1.52094,,,,,,
2013,6,27,18,30,6,1.52836,,,,,,
2013,6,27,21,30,6,1.65611,,,,,,
2013,6,28,0,30,6,1.83633,,,,,,
2013,6,28,3,30,6,1.91776,,,,,,
2013,6,28,6,30,6,1.90608,,,,,,
2013,6,28,9,30,6,1.73193,,,,,,
2013,6,28,12,30,6,1.53744,,,,,,
2013,6,28,15,30,6,1.43126,,,,,,
2013,6,28,18,30,6,1.37228,,,,,,
2013,6,28,21,30,6,1.34131,,,,,,
2013,6,29,0,30,6,1.59236,,,,,,
2013,6,29,3,30,6,1.76134,,,,,,
2013,6,29,6,30,6,1.77569,,,,,,
2013,6,29,9,30,6,1.63341,,,,,,
2013,6,29,12,30,6,1.47681,,,,,,
2013,6,29,15,30,6,1.34874,,,,,,
2013,6,29,18,30,6,1.25903,,,,,,
2013,6,29,21,30,6,1.21718,,,,,,
2013,6,30,0,30,6,1.44709,,,,,,
2013,6,30,3,30,6,1.63997,,,,,,
2013,6,30,6,30,6,1.62582,,,,,,
2013,6,30,9,30,6,1.51866,,,,,,
2013,6,30,12,30,6,1.43454,,,,,,
2013,6,30,15,30,6,1.41844,,,,,,
2011,6,30,18,30,6,1.40958,,,,,,
2011,6,30,21,30,6,1.3586,,,,,,
2011,7,1,0,30,6,1.32106,,,,,,
2011,7,1,3,30,6,1.32567,,,,,,
2011,7,1,6,30,6,1.36717,,,,,,
2011,7,1,9,30,6,1.43919,,,,,,
2011,7,1,12,30,6,1.45634,,,,,,
2011,7,1,15,30,6,1.43668,,,,,,
2011,7,1,18,30,6,1.41044,,,,,,
2011,7,1,21,30,6,1.39504,,,,,,
2011,7,2,0,30,6,1.45526,,,,,,
2011,7,2,3,30,6,1.51522,,,,,,
2011,7,2,6,30,6,1.61219,,,,,,
2011,7,2,9,30,6,1.64795,,,,,,
2011,7,2,12,30,6,1.60588,,,,,,
2011,7,2,15,30,6,1.55987,,,,,,
2011,7,2,18,30,6,1.54331,,,,,,
2011,7,2,21,30,6,1.54931,,,,,,
2011,7,3,0,30,6,1.57423,,,,,,
2011,7,3,3,30,6,1.57872,,,,,,
2011,7,3,6,30,6,1.56005,,,,,,
2011,7,3,9,30,6,1.553,,,,,,
2011,7,3,12,30,6,1.55661,,,,,,
2011,7,3,15,30,6,1.54612,,,,,,
2011,7,3,18,30,6,1.54639,,,,,,
2011,7,3,21,30,6,1.55945,,,,,,
2011,7,4,0,30,6,1.55255,,,,,,
2011,7,4,3,30,6,1.51904,,,,,,
2011,7,4,6,30,6,1.47441,,,,,,
2011,7,4,9,30,6,1.43623,,,,,,
2011,7,4,12,30,6,1.41859,,,,,,
2011,7,4,15,30,6,1.41642,,,,,,
2011,7,4,18,30,6,1.41768,,,,,,
2011,7,4,21,30,6,1.40333,,,,,,
2011,7,5,0,30,6,1.37116,,,,,,
2011,7,5,3,30,6,1.35791,,,,,,
2011,7,5,6,30,6,1.36108,,,,,,
2011,7,5,9,30,6,1.37143,,,,,,
2011,7,5,12,30,6,1.40357,,,,,,
2011,7,5,15,30,6,1.42926,,,,,,
2011,7,5,18,30,6,1.42732,,,,,,
2011,7,5,21,30,6,1.40306,,,,,,
2011,7,6,0,30,6,1.42829,,,,,,
2011,7,6,3,30,6,1.483,,,,,,
2011,7,6,6,30,6,1.47227,,,,,,
2011,7,6,9,30,6,1.46656,,,,,,
2011,7,6,12,30,6,1.5047,,,,,,
2011,7,6,15,30,6,1.5221,,,,,,
2011,7,6,18,30,6,1.51654,,,,,,
2011,7,6,21,30,6,1.48607,,,,,,
2011,7,7,0,30,6,1.45488,,,,,,
2011,7,7,3,30,6,1.40846,,,,,,
2011,7,7,6,30,6,1.36135,,,,,,
2011,7,7,9,30,6,1.31703,,,,,,
2011,7,7,12,30,6,1.28016,,,,,,
2011,7,7,15,30,6,1.2472,,,,,,
2011,7,7,18,30,6,1.20706,,,,,,
2011,7,7,21,30,6,1.16814,,,,,,
2011,7,8,0,30,6,1.14191,,,,,,
2011,7,8,3,30,6,1.11297,,,,,,
2011,7,8,6,30,6,1.08068,,,,,,
2011,7,8,9,30,6,1.05247,,,,,,
2011,7,8,12,30,6,1.02808,,,,,,
2011,7,8,15,30,6,1.00978,,,,,,
2011,7,8,18,30,6,0.99509,,,,,,
2011,7,8,21,30,6,1.001,,,,,,
2011,7,9,0,30,6,1.07122,,,,,,
2011,7,9,3,30,6,1.1845,,,,,,
2011,7,9,6,30,6,1.22106,,,,,,
2011,7,9,9,30,6,1.22025,,,,,,
2011,7,9,12,30,6,1.21374,,,,,,
2011,7,9,15,30,6,1.21741,,,,,,
2011,7,9,18,30,6,1.22862,,,,,,
2011,7,9,21,30,6,1.2478,,,,,,
2011,7,10,0,30,6,1.23885,,,,,,
2011,7,10,3,30,6,1.20691,,,,,,
2011,7,10,6,30,6,1.18545,,,,,,
2011,7,10,9,30,6,1.17145,,,,,,
2011,7,10,12,30,6,1.16278,,,,,,
2011,7,10,15,30,6,1.16686,,,,,,
2011,7,10,18,30,6,1.17528,,,,,,
2011,7,10,21,30,6,1.17338,,,,,,
2011,7,11,0,30,6,1.16774,,,,,,
2011,7,11,3,30,6,1.16661,,,,,,
2011,7,11,6,30,6,1.17305,,,,,,
2011,7,11,9,30,6,1.16759,,,,,,
2011,7,11,12,30,6,1.15364,,,,,,
2011,7,11,15,30,6,1.13307,,,,,,
2011,7,11,18,30,6,1.11186,,,,,,
2011,7,11,21,30,6,1.1077,,,,,,
2011,7,12,0,30,6,1.22078,,,,,,
2011,7,12,3,30,6,1.28652,,,,,,
2011,7,12,6,30,6,1.35165,,,,,,
2011,7,12,9,30,6,1.31093,,,,,,
2011,7,12,12,30,6,1.23204,,,,,,
2011,7,12,15,30,6,1.16381,,,,,,
2011,7,12,18,30,6,1.11463,,,,,,
2011,7,12,21,30,6,1.09687,,,,,,
2011,7,13,0,30,6,1.10416,,,,,,
2011,7,13,3,30,6,1.06523,,,,,,
2011,7,13,6,30,6,1.04639,,,,,,
2011,7,13,9,30,6,1.0338,,,,,,
2011,7,13,12,30,6,1.02043,,,,,,
2011,7,13,15,30,6,1.00751,,,,,,
2011,7,13,18,30,6,1.00065,,,,,,
2011,7,13,21,30,6,0.99987,,,,,,
2011,7,14,0,30,6,1.01029,,,,,,
2011,7,14,3,30,6,1.10175,,,,,,
2011,7,14,6,30,6,1.27256,,,,,,
2011,7,14,9,30,6,1.32842,,,,,,
2011,7,14,12,30,6,1.35281,,,,,,
2011,7,14,15,30,6,1.43015,,,,,,
2011,7,14,18,30,6,1.51456,,,,,,
2011,7,14,21,30,6,1.60055,,,,,,
2011,7,15,0,30,6,1.76056,,,,,,
2011,7,15,3,30,6,1.74356,,,,,,
2011,7,15,6,30,6,1.75602,,,,,,
2011,7,15,9,30,6,1.73608,,,,,,
2011,7,15,12,30,6,1.66364,,,,,,
2011,7,15,15,30,6,1.56524,,,,,,
2011,7,15,18,30,6,1.50019,,,,,,
2011,7,15,21,30,6,1.57129,,,,,,
2011,7,16,0,30,6,2.03618,,,,,,
2011,7,16,3,30,6,2.13591,,,,,,
2011,7,16,6,30,6,2.10649,,,,,,
2011,7,16,9,30,6,2.00836,,,,,,
2011,7,16,12,30,6,1.93739,,,,,,
2011,7,16,15,30,6,1.89253,,,,,,
2011,7,16,18,30,6,1.78972,,,,,,
2011,7,16,21,30,6,1.88821,,,,,,
2011,7,17,0,30,6,2.22504,,,,,,
2011,7,17,3,30,6,2.28036,,,,,,
2011,7,17,6,30,6,2.25971,,,,,,
2011,7,17,9,30,6,2.15454,,,,,,
2011,7,17,12,30,6,2.0042,,,,,,
2011,7,17,15,30,6,1.82943,,,,,,
2011,7,17,18,30,6,1.6415,,,,,,
2011,7,17,21,30,6,1.49002,,,,,,
2011,7,18,0,30,6,1.56333,,,,,,
2011,7,18,3,30,6,1.63746,,,,,,
2011,7,18,6,30,6,1.62669,,,,,,
2011,7,18,9,30,6,1.60802,,,,,,
2011,7,18,12,30,6,1.61247,,,,,,
2011,7,18,15,30,6,1.65667,,,,,,
2011,7,18,18,30,6,1.6733,,,,,,
2011,7,18,21,30,6,1.65469,,,,,,
2011,7,19,0,30,6,1.70521,,,,,,
2011,7,19,3,30,6,1.74245,,,,,,
2011,7,19,6,30,6,1.70444,,,,,,
2011,7,19,9,30,6,1.66769,,,,,,
2011,7,19,12,30,6,1.65092,,,,,,
2011,7,19,15,30,6,1.64217,,,,,,
2011,7,19,18,30,6,1.609,,,,,,
2011,7,19,21,30,6,1.58652,,,,,,
2011,7,20,0,30,6,1.60144,,,,,,
2011,7,20,3,30,6,1.61958,,,,,,
2011,7,20,6,30,6,1.5964,,,,,,
2011,7,20,9,30,6,1.52713,,,,,,
2011,7,20,12,30,6,1.43983,,,,,,
2011,7,20,15,30,6,1.35832,,,,,,
2011,7,20,18,30,6,1.29453,,,,,,
2011,7,20,21,30,6,1.254,,,,,,
2011,7,21,0,30,6,1.23233,,,,,,
2011,7,21,3,30,6,1.21812,,,,,,
2011,7,21,6,30,6,1.20284,,,,,,
2011,7,21,9,30,6,1.18055,,,,,,
2011,7,21,12,30,6,1.16003,,,,,,
2011,7,21,15,30,6,1.16206,,,,,,
2011,7,21,18,30,6,1.19092,,,,,,
2011,7,21,21,30,6,1.23188,,,,,,
2011,7,22,0,30,6,1.24021,,,,,,
2011,7,22,3,30,6,1.21176,,,,,,
2011,7,22,6,30,6,1.18712,,,,,,
2011,7,22,9,30,6,1.19411,,,,,,
2011,7,22,12,30,6,1.24808,,,,,,
2011,7,22,15,30,6,1.32927,,,,,,
2011,7,22,18,30,6,1.39212,,,,,,
2011,7,22,21,30,6,1.4159,,,,,,
2011,7,23,0,30,6,1.40934,,,,,,
2011,7,23,3,30,6,1.38173,,,,,,
2011,7,23,6,30,6,1.33794,,,,,,
2011,7,23,9,30,6,1.28606,,,,,,
2011,7,23,12,30,6,1.23426,,,,,,
2011,7,23,15,30,6,1.18955,,,,,,
2011,7,23,18,30,6,1.15178,,,,,,
2011,7,23,21,30,6,1.11818,,,,,,
2011,7,24,0,30,6,1.08656,,,,,,
2011,7,24,3,30,6,1.05035,,,,,,
2011,7,24,6,30,6,1.00838,,,,,,
2011,7,24,9,30,6,0.9655,,,,,,
2011,7,24,12,30,6,0.92621,,,,,,
2011,7,24,15,30,6,0.94005,,,,,,
2011,7,24,18,30,6,0.9631,,,,,,
2011,7,24,21,30,6,0.96699,,,,,,
2011,7,25,0,30,6,1.12077,,,,,,
2011,7,25,3,30,6,1.19227,,,,,,
2011,7,25,6,30,6,1.21695,,,,,,
2011,7,25,9,30,6,1.19222,,,,,,
2011,7,25,12,30,6,1.13331,,,,,,
2011,7,25,15,30,6,1.07856,,,,,,
2011,7,25,18,30,6,1.00173,,,,,,
2011,7,25,21,30,6,0.97425,,,,,,
2011,7,26,0,30,6,1.02132,,,,,,
2011,7,26,3,30,6,1.1184,,,,,,
2011,7,26,6,30,6,1.3292,,,,,,
2011,7,26,9,30,6,1.54742,,,,,,
2011,7,26,12,30,6,1.84798,,,,,,
2011,7,26,15,30,6,2.05907,,,,,,
2011,7,26,18,30,6,2.00842,,,,,,
2011,7,26,21,30,6,1.93379,,,,,,
2011,7,27,0,30,6,1.85169,,,,,,
2011,7,27,3,30,6,1.82139,,,,,,
2011,7,27,6,30,6,1.79659,,,,,,
2011,7,27,9,30,6,1.76508,,,,,,
2011,7,27,12,30,6,1.73109,,,,,,
2011,7,27,15,30,6,1.69637,,,,,,
2011,7,27,18,30,6,1.6627,,,,,,
2011,7,27,21,30,6,1.66617,,,,,,
2011,7,28,0,30,6,1.82672,,,,,,
2011,7,28,3,30,6,1.86038,,,,,,
2011,7,28,6,30,6,1.81238,,,,,,
2011,7,28,9,30,6,1.72222,,,,,,
2011,7,28,12,30,6,1.65488,,,,,,
2011,7,28,15,30,6,1.62683,,,,,,
2011,7,28,18,30,6,1.62037,,,,,,
2011,7,28,21,30,6,1.66965,,,,,,
2011,7,29,0,30,6,1.92251,,,,,,
2011,7,29,3,30,6,2.05592,,,,,,
2011,7,29,6,30,6,2.06068,,,,,,
2011,7,29,9,30,6,2.01124,,,,,,
2011,7,29,12,30,6,1.87337,,,,,,
2011,7,29,15,30,6,1.81799,,,,,,
2011,7,29,18,30,6,1.85218,,,,,,
2011,7,29,21,30,6,1.84569,,,,,,
2011,7,30,0,30,6,1.86956,,,,,,
2011,7,30,3,30,6,1.87089,,,,,,
2011,7,30,6,30,6,1.83251,,,,,,
2011,7,30,9,30,6,1.80372,,,,,,
2011,7,30,12,30,6,1.73795,,,,,,
2011,7,30,15,30,6,1.68058,,,,,,
2011,7,30,18,30,6,1.65096,,,,,,
2011,7,30,21,30,6,1.75746,,,,,,
2011,7,31,0,30,6,2.08063,,,,,,
2011,7,31,3,30,6,2.15675,,,,,,
2011,7,31,6,30,6,2.16075,,,,,,
2011,7,31,9,30,6,2.03716,,,,,,
2011,7,31,12,30,6,1.98748,,,,,,
2011,7,31,15,30,6,1.96606,,,,,,
1998,7,31,18,30,6,1.99737,,,,,,
1998,7,31,21,30,6,2.16851,,,,,,
1998,8,1,0,30,6,2.47093,,,,,,
1998,8,1,3,30,6,2.53161,,,,,,
1998,8,1,6,30,6,2.48393,,,,,,
1998,8,1,9,30,6,2.31424,,,,,,
1998,8,1,12,30,6,2.17546,,,,,,
1998,8,1,15,30,6,2.02085,,,,,,
1998,8,1,18,30,6,1.86024,,,,,,
1998,8,1,21,30,6,1.79084,,,,,,
1998,8,2,0,30,6,1.90326,,,,,,
1998,8,2,3,30,6,1.86365,,,,,,
1998,8,2,6,30,6,1.85154,,,,,,
1998,8,2,9,30,6,1.71108,,,,,,
1998,8,2,12,30,6,1.62674,,,,,,
1998,8,2,15,30,6,1.59713,,,,,,
1998,8,2,18,30,6,1.5772,,,,,,
1998,8,2,21,30,6,1.55233,,,,,,
1998,8,3,0,30,6,1.64937,,,,,,
1998,8,3,3,30,6,1.67679,,,,,,
1998,8,3,6,30,6,1.66625,,,,,,
1998,8,3,9,30,6,1.58707,,,,,,
1998,8,3,12,30,6,1.47088,,,,,,
1998,8,3,15,30,6,1.36424,,,,,,
1998,8,3,18,30,6,1.29391,,,,,,
1998,8,3,21,30,6,1.3059,,,,,,
1998,8,4,0,30,6,1.59037,,,,,,
1998,8,4,3,30,6,1.80024,,,,,,
1998,8,4,6,30,6,1.91005,,,,,,
1998,8,4,9,30,6,1.92014,,,,,,
1998,8,4,12,30,6,1.9477,,,,,,
1998,8,4,15,30,6,2.00206,,,,,,
1998,8,4,18,30,6,2.00839,,,,,,
1998,8,4,21,30,6,2.12607,,,,,,
1998,8,5,0,30,6,2.45637,,,,,,
1998,8,5,3,30,6,2.50335,,,,,,
1998,8,5,6,30,6,2.44771,,,,,,
1998,8,5,9,30,6,2.21817,,,,,,
1998,8,5,12,30,6,2.06869,,,,,,
1998,8,5,15,30,6,2.00167,,,,,,
1998,8,5,18,30,6,1.94581,,,,,,
1998,8,5,21,30,6,1.88302,,,,,,
1998,8,6,0,30,6,1.84182,,,,,,
1998,8,6,3,30,6,1.77121,,,,,,
1998,8,6,6,30,6,1.69957,,,,,,
1998,8,6,9,30,6,1.64014,,,,,,
1998,8,6,12,30,6,1.58817,,,,,,
1998,8,6,15,30,6,1.54666,,,,,,
1998,8,6,18,30,6,1.70375,,,,,,
1998,8,6,21,30,6,1.83754,,,,,,
1998,8,7,0,30,6,2.19974,,,,,,
1998,8,7,3,30,6,2.13511,,,,,,
1998,8,7,6,30,6,2.06093,,,,,,
1998,8,7,9,30,6,2.0529,,,,,,
1998,8,7,12,30,6,2.21496,,,,,,
1998,8,7,15,30,6,2.15723,,,,,,
1998,8,7,18,30,6,2.0499,,,,,,
1998,8,7,21,30,6,2.02633,,,,,,
1998,8,8,0,30,6,2.04693,,,,,,
1998,8,8,3,30,6,2.05166,,,,,,
1998,8,8,6,30,6,2.02705,,,,,,
1998,8,8,9,30,6,1.97623,,,,,,
1998,8,8,12,30,6,1.90463,,,,,,
1998,8,8,15,30,6,1.82156,,,,,,
1998,8,8,18,30,6,1.73476,,,,,,
1998,8,8,21,30,6,1.64982,,,,,,
1998,8,9,0,30,6,1.56979,,,,,,
1998,8,9,3,30,6,1.5048,,,,,,
1998,8,9,6,30,6,1.45391,,,,,,
1998,8,9,9,30,6,1.36671,,,,,,
1998,8,9,12,30,6,1.31121,,,,,,
1998,8,9,15,30,6,1.30671,,,,,,
1998,8,9,18,30,6,1.31979,,,,,,
1998,8,9,21,30,6,1.37776,,,,,,
1998,8,10,0,30,6,1.51391,,,,,,
1998,8,10,3,30,6,1.52336,,,,,,
1998,8,10,6,30,6,1.52873,,,,,,
1998,8,10,9,30,6,1.55748,,,,,,
1998,8,10,12,30,6,1.5975,,,,,,
1998,8,10,15,30,6,1.63829,,,,,,
1998,8,10,18,30,6,1.67062,,,,,,
1998,8,10,21,30,6,1.68892,,,,,,
1998,8,11,0,30,6,1.70237,,,,,,
1998,8,11,3,30,6,1.71588,,,,,,
1998,8,11,6,30,6,1.72807,,,,,,
1998,8,11,9,30,6,1.73141,,,,,,
1998,8,11,12,30,6,1.72185,,,,,,
1998,8,11,15,30,6,1.69307,,,,,,
1998,8,11,18,30,6,1.64448,,,,,,
1998,8,11,21,30,6,1.58241,,,,,,
1998,8,12,0,30,6,1.52935,,,,,,
1998,8,12,3,30,6,1.47588,,,,,,
1998,8,12,6,30,6,1.41677,,,,,,
1998,8,12,9,30,6,1.35745,,,,,,
1998,8,12,12,30,6,1.34468,,,,,,
1998,8,12,15,30,6,1.46927,,,,,,
1998,8,12,18,30,6,1.61774,,,,,,
1998,8,12,21,30,6,1.70509,,,,,,
1998,8,13,0,30,6,1.77593,,,,,,
1998,8,13,3,30,6,1.84774,,,,,,
1998,8,13,6,30,6,1.91595,,,,,,
1998,8,13,9,30,6,1.90844,,,,,,
1998,8,13,12,30,6,1.85858,,,,,,
1998,8,13,15,30,6,1.80594,,,,,,
1998,8,13,18,30,6,1.73918,,,,,,
1998,8,13,21,30,6,1.69489,,,,,,
1998,8,14,0,30,6,1.78777,,,,,,
1998,8,14,3,30,6,1.77812,,,,,,
1998,8,14,6,30,6,1.63371,,,,,,
1998,8,14,9,30,6,1.46086,,,,,,
1998,8,14,12,30,6,1.3449,,,,,,
1998,8,14,15,30,6,1.31492,,,,,,
1998,8,14,18,30,6,1.39495,,,,,,
1998,8,14,21,30,6,1.53405,,,,,,
1998,8,15,0,30,6,1.65433,,,,,,
1998,8,15,3,30,6,1.72662,,,,,,
1998,8,15,6,30,6,1.77085,,,,,,
1998,8,15,9,30,6,1.79041,,,,,,
1998,8,15,12,30,6,1.77401,,,,,,
1998,8,15,15,30,6,1.81976,,,,,,
1998,8,15,18,30,6,1.85433,,,,,,
1998,8,15,21,30,6,1.82701,,,,,,
1998,8,16,0,30,6,1.81105,,,,,,
1998,8,16,3,30,6,1.80835,,,,,,
1998,8,16,6,30,6,1.80291,,,,,,
1998,8,16,9,30,6,1.78562,,,,,,
1998,8,16,12,30,6,1.75606,,,,,,
1998,8,16,15,30,6,1.72098,,,,,,
1998,8,16,18,30,6,1.68339,,,,,,
1998,8,16,21,30,6,1.64233,,,,,,
1998,8,17,0,30,6,1.67186,,,,,,
1998,8,17,3,30,6,1.82942,,,,,,
1998,8,17,6,30,6,1.84518,,,,,,
1998,8,17,9,30,6,1.85109,,,,,,
1998,8,17,12,30,6,1.84405,,,,,,
1998,8,17,15,30,6,1.79306,,,,,,
1998,8,17,18,30,6,1.74662,,,,,,
1998,8,17,21,30,6,1.69617,,,,,,
1998,8,18,0,30,6,1.63872,,,,,,
1998,8,18,3,30,6,1.57524,,,,,,
1998,8,18,6,30,6,1.50911,,,,,,
1998,8,18,9,30,6,1.44429,,,,,,
1998,8,18,12,30,6,1.38065,,,,,,
1998,8,18,15,30,6,1.31884,,,,,,
1998,8,18,18,30,6,1.25974,,,,,,
1998,8,18,21,30,6,1.20374,,,,,,
1998,8,19,0,30,6,1.15507,,,,,,
1998,8,19,3,30,6,1.10323,,,,,,
1998,8,19,6,30,6,1.0719,,,,,,
1998,8,19,9,30,6,1.13065,,,,,,
1998,8,19,12,30,6,1.21971,,,,,,
1998,8,19,15,30,6,1.2587,,,,,,
1998,8,19,18,30,6,1.32792,,,,,,
1998,8,19,21,30,6,1.51283,,,,,,
1998,8,20,0,30,6,1.91279,,,,,,
1998,8,20,3,30,6,2.16076,,,,,,
1998,8,20,6,30,6,2.18003,,,,,,
1998,8,20,9,30,6,2.02054,,,,,,
1998,8,20,12,30,6,1.83426,,,,,,
1998,8,20,15,30,6,1.6688,,,,,,
1998,8,20,18,30,6,1.53858,,,,,,
1998,8,20,21,30,6,1.44028,,,,,,
1998,8,21,0,30,6,1.40946,,,,,,
1998,8,21,3,30,6,1.34861,,,,,,
1998,8,21,6,30,6,1.27636,,,,,,
1998,8,21,9,30,6,1.21849,,,,,,
1998,8,21,12,30,6,1.17049,,,,,,
1998,8,21,15,30,6,1.12924,,,,,,
1998,8,21,18,30,6,1.09324,,,,,,
1998,8,21,21,30,6,1.06049,,,,,,
1998,8,22,0,30,6,1.03031,,,,,,
1998,8,22,3,30,6,1.0079,,,,,,
1998,8,22,6,30,6,1.0264,,,,,,
1998,8,22,9,30,6,1.02343,,,,,,
1998,8,22,12,30,6,0.97407,,,,,,
1998,8,22,15,30,6,0.92253,,,,,,
1998,8,22,18,30,6,0.88235,,,,,,
1998,8,22,21,30,6,0.85918,,,,,,
1998,8,23,0,30,6,0.99716,,,,,,
1998,8,23,3,30,6,1.1564,,,,,,
1998,8,23,6,30,6,1.15697,,,,,,
1998,8,23,9,30,6,1.12812,,,,,,
1998,8,23,12,30,6,1.09204,,,,,,
1998,8,23,15,30,6,1.04422,,,,,,
1998,8,23,18,30,6,0.99088,,,,,,
1998,8,23,21,30,6,0.93606,,,,,,
1998,8,24,0,30,6,0.88888,,,,,,
1998,8,24,3,30,6,0.88165,,,,,,
1998,8,24,6,30,6,0.88167,,,,,,
1998,8,24,9,30,6,0.84059,,,,,,
1998,8,24,12,30,6,0.81774,,,,,,
1998,8,24,15,30,6,0.80456,,,,,,
1998,8,24,18,30,6,0.80991,,,,,,
1998,8,24,21,30,6,0.89631,,,,,,
1998,8,25,0,30,6,1.21023,,,,,,
1998,8,25,3,30,6,1.4195,,,,,,
1998,8,25,6,30,6,1.52482,,,,,,
1998,8,25,9,30,6,1.44146,,,,,,
1998,8,25,12,30,6,1.27111,,,,,,
1998,8,25,15,30,6,1.13667,,,,,,
1998,8,25,18,30,6,1.03466,,,,,,
1998,8,25,21,30,6,0.98575,,,,,,
1998,8,26,0,30,6,0.99415,,,,,,
1998,8,26,3,30,6,0.93319,,,,,,
1998,8,26,6,30,6,0.86975,,,,,,
1998,8,26,9,30,6,0.82257,,,,,,
1998,8,26,12,30,6,0.78503,,,,,,
1998,8,26,15,30,6,0.76596,,,,,,
1998,8,26,18,30,6,0.89499,,,,,,
1998,8,26,21,30,6,1.07069,,,,,,
1998,8,27,0,30,6,1.24979,,,,,,
1998,8,27,3,30,6,1.22038,,,,,,
1998,8,27,6,30,6,1.16417,,,,,,
1998,8,27,9,30,6,1.13223,,,,,,
1998,8,27,12,30,6,1.11489,,,,,,
1998,8,27,15,30,6,1.09927,,,,,,
1998,8,27,18,30,6,1.08436,,,,,,
1998,8,27,21,30,6,1.07059,,,,,,
1998,8,28,0,30,6,1.06043,,,,,,
1998,8,28,3,30,6,1.03467,,,,,,
1998,8,28,6,30,6,1.01146,,,,,,
1998,8,28,9,30,6,0.98833,,,,,,
1998,8,28,12,30,6,0.96388,,,,,,
1998,8,28,15,30,6,0.93874,,,,,,
1998,8,28,18,30,6,0.93242,,,,,,
1998,8,28,21,30,6,0.94855,,,,,,
1998,8,29,0,30,6,0.95328,,,,,,
1998,8,29,3,30,6,1.08727,,,,,,
1998,8,29,6,30,6,1.55487,,,,,,
1998,8,29,9,30,6,1.68451,,,,,,
1998,8,29,12,30,6,1.58386,,,,,,
1998,8,29,15,30,6,1.40811,,,,,,
1998,8,29,18,30,6,1.32351,,,,,,
1998,8,29,21,30,6,1.3295,,,,,,
1998,8,30,0,30,6,1.27315,,,,,,
1998,8,30,3,30,6,1.18401,,,,,,
1998,8,30,6,30,6,1.11544,,,,,,
1998,8,30,9,30,6,1.08161,,,,,,
1998,8,30,12,30,6,1.07119,,,,,,
1998,8,30,15,30,6,1.07139,,,,,,
1998,8,30,18,30,6,1.07235,,,,,,
1998,8,30,21,30,6,1.06621,,,,,,
1998,8,31,0,30,6,1.05471,,,,,,
1998,8,31,3,30,6,1.04036,,,,,,
1998,8,31,6,30,6,1.04835,,,,,,
1998,8,31,9,30,6,1.0841,,,,,,
1998,8,31,12,30,6,1.15667,,,,,,
1998,8,31,15,30,6,1.24161,,,,,,
2014,8,31,18,30,6,1.29714,,,,,,
2014,8,31,21,30,6,1.33485,,,,,,
2014,9,1,0,30,6,1.46366,,,,,,
2014,9,1,3,30,6,1.53924,,,,,,
2014,9,1,6,30,6,1.53304,,,,,,
2014,9,1,9,30,6,1.49614,,,,,,
2014,9,1,12,30,6,1.47669,,,,,,
2014,9,1,15,30,6,1.46436,,,,,,
2014,9,1,18,30,6,1.43157,,,,,,
2014,9,1,21,30,6,1.37948,,,,,,
2014,9,2,0,30,6,1.3326,,,,,,
2014,9,2,3,30,6,1.30823,,,,,,
2014,9,2,6,30,6,1.31159,,,,,,
2014,9,2,9,30,6,1.34364,,,,,,
2014,9,2,12,30,6,1.37528,,,,,,
2014,9,2,15,30,6,1.3698,,,,,,
2014,9,2,18,30,6,1.33834,,,,,,
2014,9,2,21,30,6,1.31117,,,,,,
2014,9,3,0,30,6,1.2901,,,,,,
2014,9,3,3,30,6,1.2731,,,,,,
2014,9,3,6,30,6,1.26109,,,,,,
2014,9,3,9,30,6,1.24954,,,,,,
2014,9,3,12,30,6,1.24103,,,,,,
2014,9,3,15,30,6,1.24023,,,,,,
2014,9,3,18,30,6,1.24979,,,,,,
2014,9,3,21,30,6,1.29018,,,,,,
2014,9,4,0,30,6,1.31895,,,,,,
2014,9,4,3,30,6,1.32594,,,,,,
2014,9,4,6,30,6,1.32698,,,,,,
2014,9,4,9,30,6,1.32325,,,,,,
2014,9,4,12,30,6,1.3235,,,,,,
2014,9,4,15,30,6,1.31816,,,,,,
2014,9,4,18,30,6,1.30867,,,,,,
2014,9,4,21,30,6,1.30483,,,,,,
2014,9,5,0,30,6,1.34335,,,,,,
2014,9,5,3,30,6,1.41312,,,,,,
2014,9,5,6,30,6,1.47278,,,,,,
2014,9,5,9,30,6,1.47438,,,,,,
2014,9,5,12,30,6,1.60778,,,,,,
2014,9,5,15,30,6,1.56991,,,,,,
2014,9,5,18,30,6,1.42841,,,,,,
2014,9,5,21,30,6,1.34776,,,,,,
2014,9,6,0,30,6,1.33746,,,,,,
2014,9,6,3,30,6,1.33954,,,,,,
2014,9,6,6,30,6,1.34355,,,,,,
2014,9,6,9,30,6,1.34819,,,,,,
2014,9,6,12,30,6,1.35516,,,,,,
2014,9,6,15,30,6,1.35733,,,,,,
2014,9,6,18,30,6,1.35074,,,,,,
2014,9,6,21,30,6,1.33458,,,,,,
2014,9,7,0,30,6,1.31001,,,,,,
2014,9,7,3,30,6,1.28425,,,,,,
2014,9,7,6,30,6,1.2574,,,,,,
2014,9,7,9,30,6,1.23677,,,,,,
2014,9,7,12,30,6,1.23979,,,,,,
2014,9,7,15,30,6,1.2662,,,,,,
2014,9,7,18,30,6,1.30799,,,,,,
2014,9,7,21,30,6,1.3139,,,,,,
2014,9,8,0,30,6,1.35938,,,,,,
2014,9,8,3,30,6,1.38767,,,,,,
2014,9,8,6,30,6,1.33572,,,,,,
2014,9,8,9,30,6,1.2881,,,,,,
2014,9,8,12,30,6,1.28444,,,,,,
2014,9,8,15,30,6,1.29932,,,,,,
2014,9,8,18,30,6,1.31137,,,,,,
2014,9,8,21,30,6,1.43732,,,,,,
2014,9,9,0,30,6,1.82668,,,,,,
2014,9,9,3,30,6,1.90597,,,,,,
2014,9,9,6,30,6,1.85011,,,,,,
2014,9,9,9,30,6,1.75068,,,,,,
2014,9,9,12,30,6,1.5786,,,,,,
2014,9,9,15,30,6,1.46614,,,,,,
2014,9,9,18,30,6,1.41727,,,,,,
2014,9,9,21,30,6,1.39757,,,,,,
2014,9,10,0,30,6,1.48528,,,,,,
2014,9,10,3,30,6,1.54801,,,,,,
2014,9,10,6,30,6,1.4951,,,,,,
2014,9,10,9,30,6,1.43124,,,,,,
2014,9,10,12,30,6,1.38364,,,,,,
2014,9,10,15,30,6,1.35171,,,,,,
2014,9,10,18,30,6,1.3335,,,,,,
2014,9,10,21,30,6,1.32635,,,,,,
2014,9,11,0,30,6,1.35016,,,,,,
2014,9,11,3,30,6,1.39212,,,,,,
2014,9,11,6,30,6,1.432,,,,,,
2014,9,11,9,30,6,1.43502,,,,,,
2014,9,11,12,30,6,1.43701,,,,,,
2014,9,11,15,30,6,1.45527,,,,,,
2014,9,11,18,30,6,1.46376,,,,,,
2014,9,11,21,30,6,1.49355,,,,,,
2014,9,12,0,30,6,1.61647,,,,,,
2014,9,12,3,30,6,1.70702,,,,,,
2014,9,12,6,30,6,1.73105,,,,,,
2014,9,12,9,30,6,1.64621,,,,,,
2014,9,12,12,30,6,1.53272,,,,,,
2014,9,12,15,30,6,1.48689,,,,,,
2014,9,12,18,30,6,1.45657,,,,,,
2014,9,12,21,30,6,1.4808,,,,,,
2014,9,13,0,30,6,1.79665,,,,,,
2014,9,13,3,30,6,1.84992,,,,,,
2014,9,13,6,30,6,1.83687,,,,,,
2014,9,13,9,30,6,1.81616,,,,,,
2014,9,13,12,30,6,1.80715,,,,,,
2014,9,13,15,30,6,1.86464,,,,,,
2014,9,13,18,30,6,1.94854,,,,,,
2014,9,13,21,30,6,2.02956,,,,,,
2014,9,14,0,30,6,2.14419,,,,,,
2014,9,14,3,30,6,2.17115,,,,,,
2014,9,14,6,30,6,2.11233,,,,,,
2014,9,14,9,30,6,2.02566,,,,,,
2014,9,14,12,30,6,1.94743,,,,,,
2014,9,14,15,30,6,1.88749,,,,,,
2014,9,14,18,30,6,1.83184,,,,,,
2014,9,14,21,30,6,1.77607,,,,,,
2014,9,15,0,30,6,1.72536,,,,,,
2014,9,15,3,30,6,1.66789,,,,,,
2014,9,15,6,30,6,1.61241,,,,,,
2014,9,15,9,30,6,1.56099,,,,,,
2014,9,15,12,30,6,1.51255,,,,,,
2014,9,15,15,30,6,1.46871,,,,,,
2014,9,15,18,30,6,1.437,,,,,,
2014,9,15,21,30,6,1.42431,,,,,,
2014,9,16,0,30,6,1.45688,,,,,,
2014,9,16,3,30,6,1.54435,,,,,,
2014,9,16,6,30,6,1.59513,,,,,,
2014,9,16,9,30,6,1.57826,,,,,,
2014,9,16,12,30,6,1.52054,,,,,,
2014,9,16,15,30,6,1.44024,,,,,,
2014,9,16,18,30,6,1.35812,,,,,,
2014,9,16,21,30,6,1.28844,,,,,,
2014,9,17,0,30,6,1.23401,,,,,,
2014,9,17,3,30,6,1.19204,,,,,,
2014,9,17,6,30,6,1.15865,,,,,,
2014,9,17,9,30,6,1.12727,,,,,,
2014,9,17,12,30,6,1.10019,,,,,,
2014,9,17,15,30,6,1.05644,,,,,,
2014,9,17,18,30,6,1.01933,,,,,,
2014,9,17,21,30,6,0.98775,,,,,,
2014,9,18,0,30,6,0.95847,,,,,,
2014,9,18,3,30,6,0.93203,,,,,,
2014,9,18,6,30,6,0.91728,,,,,,
2014,9,18,9,30,6,0.90225,,,,,,
2014,9,18,12,30,6,0.89667,,,,,,
2014,9,18,15,30,6,0.91187,,,,,,
2014,9,18,18,30,6,0.94862,,,,,,
2014,9,18,21,30,6,0.99147,,,,,,
2014,9,19,0,30,6,1.09034,,,,,,
2014,9,19,3,30,6,1.15882,,,,,,
2014,9,19,6,30,6,1.24783,,,,,,
2014,9,19,9,30,6,1.28367,,,,,,
2014,9,19,12,30,6,1.25078,,,,,,
2014,9,19,15,30,6,1.22364,,,,,,
2014,9,19,18,30,6,1.20464,,,,,,
2014,9,19,21,30,6,1.21848,,,,,,
2014,9,20,0,30,6,1.50637,,,,,,
2014,9,20,3,30,6,1.628,,,,,,
2014,9,20,6,30,6,1.6127,,,,,,
2014,9,20,9,30,6,1.57391,,,,,,
2014,9,20,12,30,6,1.52222,,,,,,
2014,9,20,15,30,6,1.453,,,,,,
2014,9,20,18,30,6,1.37866,,,,,,
2014,9,20,21,30,6,1.34443,,,,,,
2014,9,21,0,30,6,1.46137,,,,,,
2014,9,21,3,30,6,1.77467,,,,,,
2014,9,21,6,30,6,2.1084,,,,,,
2014,9,21,9,30,6,2.26687,,,,,,
2014,9,21,12,30,6,2.33582,,,,,,
2014,9,21,15,30,6,2.32855,,,,,,
2014,9,21,18,30,6,2.26748,,,,,,
2014,9,21,21,30,6,2.17798,,,,,,
2014,9,22,0,30,6,2.09496,,,,,,
2014,9,22,3,30,6,2.03279,,,,,,
2014,9,22,6,30,6,2.01458,,,,,,
2014,9,22,9,30,6,1.98636,,,,,,
2014,9,22,12,30,6,1.94511,,,,,,
2014,9,22,15,30,6,1.92156,,,,,,
2014,9,22,18,30,6,1.9963,,,,,,
2014,9,22,21,30,6,2.23631,,,,,,
2014,9,23,0,30,6,2.51391,,,,,,
2014,9,23,3,30,6,2.74612,,,,,,
2014,9,23,6,30,6,2.94663,,,,,,
2014,9,23,9,30,6,3.07964,,,,,,
2014,9,23,12,30,6,3.10208,,,,,,
2014,9,23,15,30,6,3.02085,,,,,,
2014,9,23,18,30,6,2.93556,,,,,,
2014,9,23,21,30,6,2.85995,,,,,,
2014,9,24,0,30,6,2.76531,,,,,,
2014,9,24,3,30,6,2.63231,,,,,,
2014,9,24,6,30,6,2.47384,,,,,,
2014,9,24,9,30,6,2.30667,,,,,,
2014,9,24,12,30,6,2.17714,,,,,,
2014,9,24,15,30,6,2.18451,,,,,,
2014,9,24,18,30,6,2.16295,,,,,,
2014,9,24,21,30,6,2.08647,,,,,,
2014,9,25,0,30,6,2.191,,,,,,
2014,9,25,3,30,6,2.39343,,,,,,
2014,9,25,6,30,6,2.74601,,,,,,
2014,9,25,9,30,6,3.05479,,,,,,
2014,9,25,12,30,6,3.14604,,,,,,
2014,9,25,15,30,6,3.08766,,,,,,
2014,9,25,18,30,6,2.97974,,,,,,
2014,9,25,21,30,6,2.8793,,,,,,
2014,9,26,0,30,6,2.82154,,,,,,
2014,9,26,3,30,6,2.79118,,,,,,
2014,9,26,6,30,6,2.75393,,,,,,
2014,9,26,9,30,6,2.69507,,,,,,
2014,9,26,12,30,6,2.61686,,,,,,
2014,9,26,15,30,6,2.53587,,,,,,
2014,9,26,18,30,6,2.53147,,,,,,
2014,9,26,21,30,6,2.61159,,,,,,
2014,9,27,0,30,6,2.91145,,,,,,
2014,9,27,3,30,6,2.58839,,,,,,
2014,9,27,6,30,6,2.53741,,,,,,
2014,9,27,9,30,6,2.61401,,,,,,
2014,9,27,12,30,6,2.68892,,,,,,
2014,9,27,15,30,6,2.57402,,,,,,
2014,9,27,18,30,6,2.43427,,,,,,
2014,9,27,21,30,6,2.39607,,,,,,
2014,9,28,0,30,6,2.41592,,,,,,
2014,9,28,3,30,6,2.53363,,,,,,
2014,9,28,6,30,6,2.58259,,,,,,
2014,9,28,9,30,6,2.60126,,,,,,
2014,9,28,12,30,6,2.63033,,,,,,
2014,9,28,15,30,6,2.62758,,,,,,
2014,9,28,18,30,6,2.61428,,,,,,
2014,9,28,21,30,6,2.63231,,,,,,
2014,9,29,0,30,6,2.79418,,,,,,
2014,9,29,3,30,6,3.10504,,,,,,
2014,9,29,6,30,6,3.38194,,,,,,
2014,9,29,9,30,6,3.39562,,,,,,
2014,9,29,12,30,6,3.30243,,,,,,
2014,9,29,15,30,6,3.14472,,,,,,
2014,9,29,18,30,6,2.90617,,,,,,
2014,9,29,21,30,6,2.67007,,,,,,
2014,9,30,0,30,6,2.4625,,,,,,
2014,9,30,3,30,6,2.28205,,,,,,
2014,9,30,6,30,6,2.17839,,,,,,
2014,9,30,9,30,6,2.14289,,,,,,
2014,9,30,12,30,6,1.90325,,,,,,
2014,9,30,15,30,6,1.88944,,,,,,
2006,9,30,18,30,6,2.05031,,,,,,
2006,9,30,21,30,6,2.03738,,,,,,
2006,10,1,0,30,6,2.00685,,,,,,
2006,10,1,3,30,6,1.9656,,,,,,
2006,10,1,6,30,6,1.93034,,,,,,
2006,10,1,9,30,6,1.89761,,,,,,
2006,10,1,12,30,6,1.86816,,,,,,
2006,10,1,15,30,6,1.84361,,,,,,
2006,10,1,18,30,6,1.81759,,,,,,
2006,10,1,21,30,6,1.79791,,,,,,
2006,10,2,0,30,6,1.80244,,,,,,
2006,10,2,3,30,6,1.81631,,,,,,
2006,10,2,6,30,6,1.80886,,,,,,
2006,10,2,9,30,6,1.77207,,,,,,
2006,10,2,12,30,6,1.77058,,,,,,
2006,10,2,15,30,6,1.86725,,,,,,
2006,10,2,18,30,6,1.92838,,,,,,
2006,10,2,21,30,6,1.94926,,,,,,
2006,10,3,0,30,6,1.94041,,,,,,
2006,10,3,3,30,6,1.99936,,,,,,
2006,10,3,6,30,6,2.05246,,,,,,
2006,10,3,9,30,6,2.10133,,,,,,
2006,10,3,12,30,6,2.24237,,,,,,
2006,10,3,15,30,6,2.75171,,,,,,
2006,10,3,18,30,6,3.10444,,,,,,
2006,10,3,21,30,6,3.19048,,,,,,
2006,10,4,0,30,6,3.32138,,,,,,
2006,10,4,3,30,6,3.31402,,,,,,
2006,10,4,6,30,6,3.27918,,,,,,
2006,10,4,9,30,6,3.21121,,,,,,
2006,10,4,12,30,6,3.11325,,,,,,
2006,10,4,15,30,6,3.00091,,,,,,
2006,10,4,18,30,6,2.88128,,,,,,
2006,10,4,21,30,6,2.74819,,,,,,
2006,10,5,0,30,6,2.61503,,,,,,
2006,10,5,3,30,6,2.49393,,,,,,
2006,10,5,6,30,6,2.39725,,,,,,
2006,10,5,9,30,6,2.27592,,,,,,
2006,10,5,12,30,6,2.13562,,,,,,
2006,10,5,15,30,6,1.99603,,,,,,
2006,10,5,18,30,6,1.86298,,,,,,
2006,10,5,21,30,6,1.72334,,,,,,
2006,10,6,0,30,6,1.61713,,,,,,
2006,10,6,3,30,6,1.59581,,,,,,
2006,10,6,6,30,6,1.66316,,,,,,
2006,10,6,9,30,6,1.80868,,,,,,
2006,10,6,12,30,6,2.03661,,,,,,
2006,10,6,15,30,6,2.43732,,,,,,
2006,10,6,18,30,6,2.68348,,,,,,
2006,10,6,21,30,6,2.80189,,,,,,
2006,10,7,0,30,6,2.90098,,,,,,
2006,10,7,3,30,6,2.93153,,,,,,
2006,10,7,6,30,6,2.88526,,,,,,
2006,10,7,9,30,6,2.81859,,,,,,
2006,10,7,12,30,6,2.73151,,,,,,
2006,10,7,15,30,6,2.59329,,,,,,
2006,10,7,18,30,6,2.4261,,,,,,
2006,10,7,21,30,6,2.26537,,,,,,
2006,10,8,0,30,6,2.13044,,,,,,
2006,10,8,3,30,6,2.00856,,,,,,
2006,10,8,6,30,6,1.87065,,,,,,
2006,10,8,9,30,6,1.7262,,,,,,
2006,10,8,12,30,6,1.57468,,,,,,
2006,10,8,15,30,6,1.53819,,,,,,
2006,10,8,18,30,6,1.82886,,,,,,
2006,10,8,21,30,6,2.19869,,,,,,
2006,10,9,0,30,6,2.42273,,,,,,
2006,10,9,3,30,6,2.49348,,,,,,
2006,10,9,6,30,6,2.50594,,,,,,
2006,10,9,9,30,6,2.50439,,,,,,
2006,10,9,12,30,6,2.50364,,,,,,
2006,10,9,15,30,6,2.49832,,,,,,
2006,10,9,18,30,6,2.47876,,,,,,
2006,10,9,21,30,6,2.44027,,,,,,
2006,10,10,0,30,6,2.42412,,,,,,
2006,10,10,3,30,6,2.48538,,,,,,
2006,10,10,6,30,6,2.62903,,,,,,
2006,10,10,9,30,6,2.80672,,,,,,
2006,10,10,12,30,6,3.07416,,,,,,
2006,10,10,15,30,6,3.08913,,,,,,
2006,10,10,18,30,6,3.06795,,,,,,
2006,10,10,21,30,6,2.75715,,,,,,
2006,10,11,0,30,6,2.56744,,,,,,
2006,10,11,3,30,6,2.65644,,,,,,
2006,10,11,6,30,6,2.87249,,,,,,
2006,10,11,9,30,6,3.10431,,,,,,
2006,10,11,12,30,6,3.27134,,,,,,
2006,10,11,15,30,6,3.56425,,,,,,
2006,10,11,18,30,6,3.75509,,,,,,
2006,10,11,21,30,6,3.81496,,,,,,
2006,10,12,0,30,6,3.89582,,,,,,
2006,10,12,3,30,6,3.85726,,,,,,
2006,10,12,6,30,6,3.8385,,,,,,
2006,10,12,9,30,6,3.71808,,,,,,
2006,10,12,12,30,6,3.57797,,,,,,
2006,10,12,15,30,6,3.42035,,,,,,
2006,10,12,18,30,6,3.27081,,,,,,
2006,10,12,21,30,6,3.15103,,,,,,
2006,10,13,0,30,6,3.04715,,,,,,
2006,10,13,3,30,6,2.92462,,,,,,
2006,10,13,6,30,6,2.76998,,,,,,
2006,10,13,9,30,6,2.58742,,,,,,
2006,10,13,12,30,6,2.37189,,,,,,
2006,10,13,15,30,6,2.16158,,,,,,
2006,10,13,18,30,6,2.16892,,,,,,
2006,10,13,21,30,6,2.36054,,,,,,
2006,10,14,0,30,6,2.45077,,,,,,
2006,10,14,3,30,6,2.43296,,,,,,
2006,10,14,6,30,6,2.40819,,,,,,
2006,10,14,9,30,6,2.37918,,,,,,
2006,10,14,12,30,6,2.36696,,,,,,
2006,10,14,15,30,6,2.37343,,,,,,
2006,10,14,18,30,6,2.39178,,,,,,
2006,10,14,21,30,6,2.41559,,,,,,
2006,10,15,0,30,6,2.44024,,,,,,
2006,10,15,3,30,6,2.45379,,,,,,
2006,10,15,6,30,6,2.43456,,,,,,
2006,10,15,9,30,6,2.37586,,,,,,
2006,10,15,12,30,6,2.28336,,,,,,
2006,10,15,15,30,6,2.16726,,,,,,
2006,10,15,18,30,6,2.09318,,,,,,
2006,10,15,21,30,6,2.46517,,,,,,
2006,10,16,0,30,6,3.15195,,,,,,
2006,10,16,3,30,6,3.03348,,,,,,
2006,10,16,6,30,6,3.11907,,,,,,
2006,10,16,9,30,6,2.77514,,,,,,
2006,10,16,12,30,6,2.48929,,,,,,
2006,10,16,15,30,6,2.31898,,,,,,
2006,10,16,18,30,6,2.15463,,,,,,
2006,10,16,21,30,6,2.02158,,,,,,
2006,10,17,0,30,6,1.8678,,,,,,
2006,10,17,3,30,6,1.72743,,,,,,
2006,10,17,6,30,6,1.63934,,,,,,
2006,10,17,9,30,6,1.59311,,,,,,
2006,10,17,12,30,6,1.71856,,,,,,
2006,10,17,15,30,6,1.9592,,,,,,
2006,10,17,18,30,6,2.39362,,,,,,
2006,10,17,21,30,6,2.80617,,,,,,
2006,10,18,0,30,6,2.53965,,,,,,
2006,10,18,3,30,6,2.57455,,,,,,
2006,10,18,6,30,6,2.65227,,,,,,
2006,10,18,9,30,6,2.67619,,,,,,
2006,10,18,12,30,6,2.75306,,,,,,
2006,10,18,15,30,6,2.78902,,,,,,
2006,10,18,18,30,6,2.78518,,,,,,
2006,10,18,21,30,6,2.73677,,,,,,
2006,10,19,0,30,6,2.71611,,,,,,
2006,10,19,3,30,6,2.77278,,,,,,
2006,10,19,6,30,6,2.77656,,,,,,
2006,10,19,9,30,6,2.67352,,,,,,
2006,10,19,12,30,6,2.57989,,,,,,
2006,10,19,15,30,6,2.4769,,,,,,
2006,10,19,18,30,6,2.32503,,,,,,
2006,10,19,21,30,6,2.1389,,,,,,
2006,10,20,0,30,6,1.95794,,,,,,
2006,10,20,3,30,6,1.78864,,,,,,
2006,10,20,6,30,6,1.62387,,,,,,
2006,10,20,9,30,6,1.50896,,,,,,
2006,10,20,12,30,6,1.50836,,,,,,
2006,10,20,15,30,6,1.56888,,,,,,
2006,10,20,18,30,6,1.93233,,,,,,
2006,10,20,21,30,6,1.92153,,,,,,
2006,10,21,0,30,6,2.03056,,,,,,
2006,10,21,3,30,6,2.31854,,,,,,
2006,10,21,6,30,6,2.7604,,,,,,
2006,10,21,9,30,6,3.3627,,,,,,
2006,10,21,12,30,6,3.89675,,,,,,
2006,10,21,15,30,6,4.20718,,,,,,
2006,10,21,18,30,6,4.29186,,,,,,
2006,10,21,21,30,6,4.18861,,,,,,
2006,10,22,0,30,6,4.09375,,,,,,
2006,10,22,3,30,6,4.03555,,,,,,
2006,10,22,6,30,6,3.94365,,,,,,
2006,10,22,9,30,6,3.75309,,,,,,
2006,10,22,12,30,6,3.5002,,,,,,
2006,10,22,15,30,6,3.24303,,,,,,
2006,10,22,18,30,6,2.99948,,,,,,
2006,10,22,21,30,6,2.75185,,,,,,
2006,10,23,0,30,6,2.52141,,,,,,
2006,10,23,3,30,6,2.32005,,,,,,
2006,10,23,6,30,6,2.11378,,,,,,
2006,10,23,9,30,6,1.88824,,,,,,
2006,10,23,12,30,6,1.67583,,,,,,
2006,10,23,15,30,6,1.62769,,,,,,
2006,10,23,18,30,6,1.79514,,,,,,
2006,10,23,21,30,6,1.9377,,,,,,
2006,10,24,0,30,6,1.98503,,,,,,
2006,10,24,3,30,6,2.06186,,,,,,
2006,10,24,6,30,6,2.47888,,,,,,
2006,10,24,9,30,6,3.1805,,,,,,
2006,10,24,12,30,6,3.62546,,,,,,
2006,10,24,15,30,6,3.70857,,,,,,
2006,10,24,18,30,6,3.55479,,,,,,
2006,10,24,21,30,6,3.33743,,,,,,
2006,10,25,0,30,6,3.145,,,,,,
2006,10,25,3,30,6,2.92619,,,,,,
2006,10,25,6,30,6,2.73431,,,,,,
2006,10,25,9,30,6,2.55948,,,,,,
2006,10,25,12,30,6,2.35422,,,,,,
2006,10,25,15,30,6,2.17598,,,,,,
2006,10,25,18,30,6,2.28929,,,,,,
2006,10,25,21,30,6,2.87744,,,,,,
2006,10,26,0,30,6,3.68511,,,,,,
2006,10,26,3,30,6,3.90919,,,,,,
2006,10,26,6,30,6,3.38292,,,,,,
2006,10,26,9,30,6,3.02608,,,,,,
2006,10,26,12,30,6,2.91057,,,,,,
2006,10,26,15,30,6,2.896,,,,,,
2006,10,26,18,30,6,2.87813,,,,,,
2006,10,26,21,30,6,2.82116,,,,,,
2006,10,27,0,30,6,2.72898,,,,,,
2006,10,27,3,30,6,2.63144,,,,,,
2006,10,27,6,30,6,2.56606,,,,,,
2006,10,27,9,30,6,2.57025,,,,,,
2006,10,27,12,30,6,2.64862,,,,,,
2006,10,27,15,30,6,2.8067,,,,,,
2006,10,27,18,30,6,3.04746,,,,,,
2006,10,27,21,30,6,3.2468,,,,,,
2006,10,28,0,30,6,3.27291,,,,,,
2006,10,28,3,30,6,3.17376,,,,,,
2006,10,28,6,30,6,3.0338,,,,,,
2006,10,28,9,30,6,2.86958,,,,,,
2006,10,28,12,30,6,2.7073,,,,,,
2006,10,28,15,30,6,2.56913,,,,,,
2006,10,28,18,30,6,2.44509,,,,,,
2006,10,28,21,30,6,2.32182,,,,,,
2006,10,29,0,30,6,2.24229,,,,,,
2006,10,29,3,30,6,2.20816,,,,,,
2006,10,29,6,30,6,2.12943,,,,,,
2006,10,29,9,30,6,1.98692,,,,,,
2006,10,29,12,30,6,1.86215,,,,,,
2006,10,29,15,30,6,1.76946,,,,,,
2006,10,29,18,30,6,1.66343,,,,,,
2006,10,29,21,30,6,1.58627,,,,,,
2006,10,30,0,30,6,1.5537,,,,,,
2006,10,30,3,30,6,1.60069,,,,,,
2006,10,30,6,30,6,1.54405,,,,,,
2006,10,30,9,30,6,1.43165,,,,,,
2006,10,30,12,30,6,1.34274,,,,,,
2006,10,30,15,30,6,1.3139,,,,,,
2006,10,30,18,30,6,1.30208,,,,,,
2006,10,30,21,30,6,1.25862,,,,,,
2006,10,31,0,30,6,1.22589,,,,,,
2006,10,31,3,30,6,1.20823,,,,,,
2006,10,31,6,30,6,1.20182,,,,,,
2006,10,31,9,30,6,1.20122,,,,,,
2006,10,31,12,30,6,1.19543,,,,,,
2006,10,31,15,30,6,1.1889,,,,,,
2012,10,31,18,30,6,1.18893,,,,,,
2012,10,31,21,30,6,1.19537,,,,,,
2012,11,1,0,30,6,1.24402,,,,,,
2012,11,1,3,30,6,1.32322,,,,,,
2012,11,1,6,30,6,1.37452,,,,,,
2012,11,1,9,30,6,1.43105,,,,,,
2012,11,1,12,30,6,1.54651,,,,,,
2012,11,1,15,30,6,1.68589,,,,,,
2012,11,1,18,30,6,1.76004,,,,,,
2012,11,1,21,30,6,1.80203,,,,,,
2012,11,2,0,30,6,1.84138,,,,,,
2012,11,2,3,30,6,1.87731,,,,,,
2012,11,2,6,30,6,1.89294,,,,,,
2012,11,2,9,30,6,1.88607,,,,,,
2012,11,2,12,30,6,1.87153,,,,,,
2012,11,2,15,30,6,1.86769,,,,,,
2012,11,2,18,30,6,1.83176,,,,,,
2012,11,2,21,30,6,1.84771,,,,,,
2012,11,3,0,30,6,2.07763,,,,,,
2012,11,3,3,30,6,2.19915,,,,,,
2012,11,3,6,30,6,2.05559,,,,,,
2012,11,3,9,30,6,1.92121,,,,,,
2012,11,3,12,30,6,1.97387,,,,,,
2012,11,3,15,30,6,2.01488,,,,,,
2012,11,3,18,30,6,1.96539,,,,,,
2012,11,3,21,30,6,1.92726,,,,,,
2012,11,4,0,30,6,1.93054,,,,,,
2012,11,4,3,30,6,1.94122,,,,,,
2012,11,4,6,30,6,1.82351,,,,,,
2012,11,4,9,30,6,1.67189,,,,,,
2012,11,4,12,30,6,1.55489,,,,,,
2012,11,4,15,30,6,1.47139,,,,,,
2012,11,4,18,30,6,1.41195,,,,,,
2012,11,4,21,30,6,1.37652,,,,,,
2012,11,5,0,30,6,1.58969,,,,,,
2012,11,5,3,30,6,1.91759,,,,,,
2012,11,5,6,30,6,2.98508,,,,,,
2012,11,5,9,30,6,4.22588,,,,,,
2012,11,5,12,30,6,4.99569,,,,,,
2012,11,5,15,30,6,5.26797,,,,,,
2012,11,5,18,30,6,5.17053,,,,,,
2012,11,5,21,30,6,4.83,,,,,,
2012,11,6,0,30,6,4.53639,,,,,,
2012,11,6,3,30,6,4.25695,,,,,,
2012,11,6,6,30,6,3.96236,,,,,,
2012,11,6,9,30,6,3.70026,,,,,,
2012,11,6,12,30,6,3.47423,,,,,,
2012,11,6,15,30,6,3.32595,,,,,,
2012,11,6,18,30,6,3.18824,,,,,,
2012,11,6,21,30,6,3.04303,,,,,,
2012,11,7,0,30,6,2.99051,,,,,,
2012,11,7,3,30,6,3.26478,,,,,,
2012,11,7,6,30,6,3.53506,,,,,,
2012,11,7,9,30,6,3.30289,,,,,,
2012,11,7,12,30,6,3.08102,,,,,,
2012,11,7,15,30,6,2.88837,,,,,,
2012,11,7,18,30,6,2.79034,,,,,,
2012,11,7,21,30,6,2.74082,,,,,,
2012,11,8,0,30,6,2.98858,,,,,,
2012,11,8,3,30,6,3.00814,,,,,,
2012,11,8,6,30,6,3.18218,,,,,,
2012,11,8,9,30,6,3.34838,,,,,,
2012,11,8,12,30,6,3.73592,,,,,,
2012,11,8,15,30,6,4.0461,,,,,,
2012,11,8,18,30,6,4.01679,,,,,,
2012,11,8,21,30,6,3.81272,,,,,,
2012,11,9,0,30,6,3.33362,,,,,,
2012,11,9,3,30,6,3.0485,,,,,,
2012,11,9,6,30,6,2.85198,,,,,,
2012,11,9,9,30,6,2.74422,,,,,,
2012,11,9,12,30,6,2.66627,,,,,,
2012,11,9,15,30,6,2.57658,,,,,,
2012,11,9,18,30,6,2.45675,,,,,,
2012,11,9,21,30,6,2.32737,,,,,,
2012,11,10,0,30,6,2.21923,,,,,,
2012,11,10,3,30,6,2.14696,,,,,,
2012,11,10,6,30,6,2.13127,,,,,,
2012,11,10,9,30,6,2.13895,,,,,,
2012,11,10,12,30,6,2.12453,,,,,,
2012,11,10,15,30,6,2.06166,,,,,,
2012,11,10,18,30,6,2.36139,,,,,,
2012,11,10,21,30,6,2.71314,,,,,,
2012,11,11,0,30,6,2.83441,,,,,,
2012,11,11,3,30,6,3.13419,,,,,,
2012,11,11,6,30,6,3.57735,,,,,,
2012,11,11,9,30,6,3.89681,,,,,,
2012,11,11,12,30,6,4.64257,,,,,,
2012,11,11,15,30,6,4.13673,,,,,,
2012,11,11,18,30,6,3.52761,,,,,,
2012,11,11,21,30,6,3.40664,,,,,,
2012,11,12,0,30,6,3.87985,,,,,,
2012,11,12,3,30,6,4.60274,,,,,,
2012,11,12,6,30,6,4.78809,,,,,,
2012,11,12,9,30,6,4.57518,,,,,,
2012,11,12,12,30,6,4.29506,,,,,,
2012,11,12,15,30,6,4.07828,,,,,,
2012,11,12,18,30,6,3.85669,,,,,,
2012,11,12,21,30,6,3.58573,,,,,,
2012,11,13,0,30,6,3.31145,,,,,,
2012,11,13,3,30,6,3.05524,,,,,,
2012,11,13,6,30,6,3.01527,,,,,,
2012,11,13,9,30,6,3.02969,,,,,,
2012,11,13,12,30,6,2.77459,,,,,,
2012,11,13,15,30,6,2.49916,,,,,,
2012,11,13,18,30,6,2.30026,,,,,,
2012,11,13,21,30,6,2.1597,,,,,,
2012,11,14,0,30,6,2.04281,,,,,,
2012,11,14,3,30,6,1.9511,,,,,,
2012,11,14,6,30,6,1.9205,,,,,,
2012,11,14,9,30,6,1.90264,,,,,,
2012,11,14,12,30,6,1.87361,,,,,,
2012,11,14,15,30,6,1.84977,,,,,,
2012,11,14,18,30,6,1.84185,,,,,,
2012,11,14,21,30,6,1.82481,,,,,,
2012,11,15,0,30,6,1.78755,,,,,,
2012,11,15,3,30,6,1.77358,,,,,,
2012,11,15,6,30,6,1.80608,,,,,,
2012,11,15,9,30,6,2.00082,,,,,,
2012,11,15,12,30,6,2.36524,,,,,,
2012,11,15,15,30,6,2.5854,,,,,,
2012,11,15,18,30,6,3.11131,,,,,,
2012,11,15,21,30,6,3.08139,,,,,,
2012,11,16,0,30,6,3.13164,,,,,,
2012,11,16,3,30,6,3.08593,,,,,,
2012,11,16,6,30,6,2.96677,,,,,,
2012,11,16,9,30,6,2.93158,,,,,,
2012,11,16,12,30,6,3.02552,,,,,,
2012,11,16,15,30,6,3.03024,,,,,,
2012,11,16,18,30,6,2.85318,,,,,,
2012,11,16,21,30,6,2.56466,,,,,,
2012,11,17,0,30,6,2.38359,,,,,,
2012,11,17,3,30,6,2.33106,,,,,,
2012,11,17,6,30,6,2.35745,,,,,,
2012,11,17,9,30,6,2.31877,,,,,,
2012,11,17,12,30,6,2.36864,,,,,,
2012,11,17,15,30,6,2.57747,,,,,,
2012,11,17,18,30,6,2.90852,,,,,,
2012,11,17,21,30,6,3.37281,,,,,,
2012,11,18,0,30,6,4.83544,,,,,,
2012,11,18,3,30,6,6.33154,,,,,,
2012,11,18,6,30,6,5.29159,,,,,,
2012,11,18,9,30,6,4.45894,,,,,,
2012,11,18,12,30,6,3.91888,,,,,,
2012,11,18,15,30,6,3.57043,,,,,,
2012,11,18,18,30,6,3.28801,,,,,,
2012,11,18,21,30,6,3.02356,,,,,,
2012,11,19,0,30,6,2.79911,,,,,,
2012,11,19,3,30,6,2.61389,,,,,,
2012,11,19,6,30,6,2.4482,,,,,,
2012,11,19,9,30,6,2.31538,,,,,,
2012,11,19,12,30,6,2.24669,,,,,,
2012,11,19,15,30,6,2.22704,,,,,,
2012,11,19,18,30,6,2.20553,,,,,,
2012,11,19,21,30,6,2.15113,,,,,,
2012,11,20,0,30,6,2.07625,,,,,,
2012,11,20,3,30,6,1.98653,,,,,,
2012,11,20,6,30,6,1.87864,,,,,,
2012,11,20,9,30,6,1.7628,,,,,,
2012,11,20,12,30,6,1.67012,,,,,,
2012,11,20,15,30,6,1.62443,,,,,,
2012,11,20,18,30,6,1.62723,,,,,,
2012,11,20,21,30,6,1.68587,,,,,,
2012,11,21,0,30,6,1.67708,,,,,,
2012,11,21,3,30,6,1.60005,,,,,,
2012,11,21,6,30,6,1.6815,,,,,,
2012,11,21,9,30,6,1.82928,,,,,,
2012,11,21,12,30,6,2.01307,,,,,,
2012,11,21,15,30,6,2.26875,,,,,,
2012,11,21,18,30,6,2.52092,,,,,,
2012,11,21,21,30,6,2.76815,,,,,,
2012,11,22,0,30,6,3.00962,,,,,,
2012,11,22,3,30,6,3.14335,,,,,,
2012,11,22,6,30,6,2.81821,,,,,,
2012,11,22,9,30,6,2.66516,,,,,,
2012,11,22,12,30,6,2.80524,,,,,,
2012,11,22,15,30,6,2.57006,,,,,,
2012,11,22,18,30,6,2.50753,,,,,,
2012,11,22,21,30,6,2.48324,,,,,,
2012,11,23,0,30,6,2.47806,,,,,,
2012,11,23,3,30,6,2.60286,,,,,,
2012,11,23,6,30,6,2.76274,,,,,,
2012,11,23,9,30,6,2.93548,,,,,,
2012,11,23,12,30,6,3.22789,,,,,,
2012,11,23,15,30,6,3.72053,,,,,,
2012,11,23,18,30,6,3.91251,,,,,,
2012,11,23,21,30,6,4.4039,,,,,,
2012,11,24,0,30,6,4.33727,,,,,,
2012,11,24,3,30,6,4.04672,,,,,,
2012,11,24,6,30,6,3.80802,,,,,,
2012,11,24,9,30,6,3.66414,,,,,,
2012,11,24,12,30,6,3.64248,,,,,,
2012,11,24,15,30,6,3.53123,,,,,,
2012,11,24,18,30,6,3.44715,,,,,,
2012,11,24,21,30,6,3.45815,,,,,,
2012,11,25,0,30,6,3.54483,,,,,,
2012,11,25,3,30,6,3.87796,,,,,,
2012,11,25,6,30,6,3.7747,,,,,,
2012,11,25,9,30,6,3.7097,,,,,,
2012,11,25,12,30,6,3.64818,,,,,,
2012,11,25,15,30,6,3.6357,,,,,,
2012,11,25,18,30,6,3.64313,,,,,,
2012,11,25,21,30,6,3.55353,,,,,,
2012,11,26,0,30,6,3.41183,,,,,,
2012,11,26,3,30,6,3.31736,,,,,,
2012,11,26,6,30,6,3.27441,,,,,,
2012,11,26,9,30,6,3.29256,,,,,,
2012,11,26,12,30,6,3.40717,,,,,,
2012,11,26,15,30,6,3.47384,,,,,,
2012,11,26,18,30,6,3.45263,,,,,,
2012,11,26,21,30,6,3.31881,,,,,,
2012,11,27,0,30,6,3.15623,,,,,,
2012,11,27,3,30,6,2.93273,,,,,,
2012,11,27,6,30,6,2.70182,,,,,,
2012,11,27,9,30,6,2.49227,,,,,,
2012,11,27,12,30,6,2.29768,,,,,,
2012,11,27,15,30,6,2.1584,,,,,,
2012,11,27,18,30,6,2.48845,,,,,,
2012,11,27,21,30,6,3.00714,,,,,,
2012,11,28,0,30,6,3.38899,,,,,,
2012,11,28,3,30,6,3.46242,,,,,,
2012,11,28,6,30,6,3.31538,,,,,,
2012,11,28,9,30,6,3.09855,,,,,,
2012,11,28,12,30,6,2.95013,,,,,,
2012,11,28,15,30,6,2.96697,,,,,,
2012,11,28,18,30,6,3.139,,,,,,
2012,11,28,21,30,6,3.2503,,,,,,
2012,11,29,0,30,6,3.32508,,,,,,
2012,11,29,3,30,6,3.29276,,,,,,
2012,11,29,6,30,6,3.4218,,,,,,
2012,11,29,9,30,6,3.61543,,,,,,
2012,11,29,12,30,6,4.0453,,,,,,
2012,11,29,15,30,6,4.14054,,,,,,
2012,11,29,18,30,6,4.34738,,,,,,
2012,11,29,21,30,6,4.70116,,,,,,
2012,11,30,0,30,6,4.59718,,,,,,
2012,11,30,3,30,6,4.36396,,,,,,
2012,11,30,6,30,6,3.83149,,,,,,
2012,11,30,9,30,6,3.69235,,,,,,
2012,11,30,12,30,6,3.87307,,,,,,
2012,11,30,15,30,6,4.11811,,,,,,
2012,11,30,18,30,6,4.15635,,,,,,
2012,11,30,21,30,6,4.05423,,,,,,
2012,12,1,0,30,6,3.90897,,,,,,
2012,12,1,3,30,6,3.76859,,,,,,
2012,12,1,6,30,6,3.66857,,,,,,
2012,12,1,9,30,6,3.75278,,,,,,
2012,12,1,12,30,6,3.52965,,,,,,
2012,12,1,15,30,6,3.10736,,,,,,
2012,12,1,18,30,6,2.81917,,,,,,
2012,12,1,21,30,6,2.67499,,,,,,
2012,12,2,0,30,6,2.7485,,,,,,
2012,12,2,3,30,6,2.81758,,,,,,
2012,12,2,6,30,6,3.00532,,,,,,
2012,12,2,9,30,6,3.23908,,,,,,
2012,12,2,12,30,6,3.41493,,,,,,
2012,12,2,15,30,6,3.41796,,,,,,
2012,12,2,18,30,6,3.39969,,,,,,
2012,12,2,21,30,6,3.3193,,,,,,
2012,12,3,0,30,6,3.30107,,,,,,
2012,12,3,3,30,6,3.31159,,,,,,
2012,12,3,6,30,6,3.34742,,,,,,
2012,12,3,9,30,6,3.35745,,,,,,
2012,12,3,12,30,6,3.28411,,,,,,
2012,12,3,15,30,6,3.14052,,,,,,
2012,12,3,18,30,6,3.01255,,,,,,
2012,12,3,21,30,6,3.69081,,,,,,
2012,12,4,0,30,6,5.57815,,,,,,
2012,12,4,3,30,6,5.02397,,,,,,
2012,12,4,6,30,6,4.08932,,,,,,
2012,12,4,9,30,6,4.06908,,,,,,
2012,12,4,12,30,6,4.05191,,,,,,
2012,12,4,15,30,6,3.94047,,,,,,
2012,12,4,18,30,6,3.86545,,,,,,
2012,12,4,21,30,6,3.68495,,,,,,
2012,12,5,0,30,6,3.46426,,,,,,
2012,12,5,3,30,6,3.30075,,,,,,
2012,12,5,6,30,6,3.20817,,,,,,
2012,12,5,9,30,6,3.11345,,,,,,
2012,12,5,12,30,6,2.96834,,,,,,
2012,12,5,15,30,6,2.78753,,,,,,
2012,12,5,18,30,6,2.59677,,,,,,
2012,12,5,21,30,6,2.41723,,,,,,
2012,12,6,0,30,6,2.27322,,,,,,
2012,12,6,3,30,6,2.13478,,,,,,
2012,12,6,6,30,6,2.05403,,,,,,
2012,12,6,9,30,6,1.98726,,,,,,
2012,12,6,12,30,6,1.90387,,,,,,
2012,12,6,15,30,6,1.81832,,,,,,
2012,12,6,18,30,6,1.73423,,,,,,
2012,12,6,21,30,6,1.67566,,,,,,
2012,12,7,0,30,6,1.68684,,,,,,
2012,12,7,3,30,6,1.77017,,,,,,
2012,12,7,6,30,6,1.83608,,,,,,
2012,12,7,9,30,6,1.851,,,,,,
2012,12,7,12,30,6,1.82951,,,,,,
2012,12,7,15,30,6,1.78736,,,,,,
2012,12,7,18,30,6,1.74535,,,,,,
2012,12,7,21,30,6,1.71308,,,,,,
2012,12,8,0,30,6,1.67989,,,,,,
2012,12,8,3,30,6,1.63426,,,,,,
2012,12,8,6,30,6,1.6185,,,,,,
2012,12,8,9,30,6,1.63653,,,,,,
2012,12,8,12,30,6,1.67288,,,,,,
2012,12,8,15,30,6,1.53928,,,,,,
2012,12,8,18,30,6,1.43649,,,,,,
2012,12,8,21,30,6,1.36408,,,,,,
2012,12,9,0,30,6,1.35858,,,,,,
2012,12,9,3,30,6,1.43276,,,,,,
2012,12,9,6,30,6,1.50992,,,,,,
2012,12,9,9,30,6,1.90447,,,,,,
2012,12,9,12,30,6,2.29388,,,,,,
2012,12,9,15,30,6,2.60684,,,,,,
2012,12,9,18,30,6,2.90464,,,,,,
2012,12,9,21,30,6,3.18254,,,,,,
2012,12,10,0,30,6,3.22354,,,,,,
2012,12,10,3,30,6,2.9218,,,,,,
2012,12,10,6,30,6,3.16495,,,,,,
2012,12,10,9,30,6,3.36885,,,,,,
2012,12,10,12,30,6,4.02568,,,,,,
2012,12,10,15,30,6,4.34996,,,,,,
2012,12,10,18,30,6,5.61685,,,,,,
2012,12,10,21,30,6,6.46134,,,,,,
2012,12,11,0,30,6,6.72191,,,,,,
2012,12,11,3,30,6,5.8194,,,,,,
2012,12,11,6,30,6,6.03303,,,,,,
2012,12,11,9,30,6,5.95996,,,,,,
2012,12,11,12,30,6,5.15179,,,,,,
2012,12,11,15,30,6,4.60311,,,,,,
2012,12,11,18,30,6,5.68168,,,,,,
2012,12,11,21,30,6,5.66626,,,,,,
2012,12,12,0,30,6,5.18588,,,,,,
2012,12,12,3,30,6,4.46804,,,,,,
2012,12,12,6,30,6,4.13825,,,,,,
2012,12,12,9,30,6,4.1009,,,,,,
2012,12,12,12,30,6,4.34552,,,,,,
2012,12,12,15,30,6,5.11131,,,,,,
2012,12,12,18,30,6,7.28896,,,,,,
2012,12,12,21,30,6,8.42045,,,,,,
2012,12,13,0,30,6,8.94331,,,,,,
2012,12,13,3,30,6,9.07936,,,,,,
2012,12,13,6,30,6,8.31827,,,,,,
2012,12,13,9,30,6,6.95447,,,,,,
2012,12,13,12,30,6,5.92502,,,,,,
2012,12,13,15,30,6,5.33296,,,,,,
2012,12,13,18,30,6,4.96295,,,,,,
2012,12,13,21,30,6,4.72002,,,,,,
2012,12,14,0,30,6,4.48911,,,,,,
2012,12,14,3,30,6,4.35783,,,,,,
2012,12,14,6,30,6,4.4905,,,,,,
2012,12,14,9,30,6,4.78057,,,,,,
2012,12,14,12,30,6,5.66676,,,,,,
2012,12,14,15,30,6,5.34689,,,,,,
2012,12,14,18,30,6,5.05518,,,,,,
2012,12,14,21,30,6,5.08365,,,,,,
2012,12,15,0,30,6,4.94247,,,,,,
2012,12,15,3,30,6,5.00125,,,,,,
2012,12,15,6,30,6,5.05184,,,,,,
2012,12,15,9,30,6,4.85766,,,,,,
2012,12,15,12,30,6,4.56527,,,,,,
2012,12,15,15,30,6,4.30391,,,,,,
2012,12,15,18,30,6,4.06723,,,,,,
2012,12,15,21,30,6,3.84589,,,,,,
2012,12,16,0,30,6,3.64031,,,,,,
2012,12,16,3,30,6,3.47165,,,,,,
2012,12,16,6,30,6,3.34819,,,,,,
2012,12,16,9,30,6,3.24806,,,,,,
2012,12,16,12,30,6,3.15072,,,,,,
2012,12,16,15,30,6,3.04132,,,,,,
2012,12,16,18,30,6,2.94195,,,,,,
2012,12,16,21,30,6,2.84306,,,,,,
2012,12,17,0,30,6,2.684,,,,,,
2012,12,17,3,30,6,2.74009,,,,,,
2012,12,17,6,30,6,2.85365,,,,,,
2012,12,17,9,30,6,2.8152,,,,,,
2012,12,17,12,30,6,2.86051,,,,,,
2012,12,17,15,30,6,2.70276,,,,,,
2012,12,17,18,30,6,2.70645,,,,,,
2012,12,17,21,30,6,2.78601,,,,,,
2012,12,18,0,30,6,2.95055,,,,,,
2012,12,18,3,30,6,3.13836,,,,,,
2012,12,18,6,30,6,3.41891,,,,,,
2012,12,18,9,30,6,3.41967,,,,,,
2012,12,18,12,30,6,3.36985,,,,,,
2012,12,18,15,30,6,3.49082,,,,,,
2012,12,18,18,30,6,3.89784,,,,,,
2012,12,18,21,30,6,4.22845,,,,,,
2012,12,19,0,30,6,4.29337,,,,,,
2012,12,19,3,30,6,4.20299,,,,,,
2012,12,19,6,30,6,4.02699,,,,,,
2012,12,19,9,30,6,3.80834,,,,,,
2012,12,19,12,30,6,3.57627,,,,,,
2012,12,19,15,30,6,3.33955,,,,,,
2012,12,19,18,30,6,3.09518,,,,,,
2012,12,19,21,30,6,2.87494,,,,,,
2012,12,20,0,30,6,2.82298,,,,,,
2012,12,20,3,30,6,3.06689,,,,,,
2012,12,20,6,30,6,3.34813,,,,,,
2012,12,20,9,30,6,3.46372,,,,,,
2012,12,20,12,30,6,3.48987,,,,,,
2012,12,20,15,30,6,3.51046,,,,,,
2012,12,20,18,30,6,3.52818,,,,,,
2012,12,20,21,30,6,3.55278,,,,,,
2012,12,21,0,30,6,3.50713,,,,,,
2012,12,21,3,30,6,3.3586,,,,,,
2012,12,21,6,30,6,3.17267,,,,,,
2012,12,21,9,30,6,3.02406,,,,,,
2012,12,21,12,30,6,3.03995,,,,,,
2012,12,21,15,30,6,3.17642,,,,,,
2012,12,21,18,30,6,3.20217,,,,,,
2012,12,21,21,30,6,3.06197,,,,,,
2012,12,22,0,30,6,2.88914,,,,,,
2012,12,22,3,30,6,2.77594,,,,,,
2012,12,22,6,30,6,2.70576,,,,,,
2012,12,22,9,30,6,2.74509,,,,,,
2012,12,22,12,30,6,2.89071,,,,,,
2012,12,22,15,30,6,3.01843,,,,,,
2012,12,22,18,30,6,3.087,,,,,,
2012,12,22,21,30,6,3.15823,,,,,,
2012,12,23,0,30,6,3.25404,,,,,,
2012,12,23,3,30,6,3.26933,,,,,,
2012,12,23,6,30,6,3.17068,,,,,,
2012,12,23,9,30,6,3.02074,,,,,,
2012,12,23,12,30,6,2.84729,,,,,,
2012,12,23,15,30,6,2.70922,,,,,,
2012,12,23,18,30,6,2.54935,,,,,,
2012,12,23,21,30,6,2.43935,,,,,,
2012,12,24,0,30,6,2.43847,,,,,,
2012,12,24,3,30,6,2.62538,,,,,,
2012,12,24,6,30,6,3.07615,,,,,,
2012,12,24,9,30,6,3.48759,,,,,,
2012,12,24,12,30,6,3.90226,,,,,,
2012,12,24,15,30,6,4.19132,,,,,,
2012,12,24,18,30,6,4.33781,,,,,,
2012,12,24,21,30,6,4.38664,,,,,,
2012,12,25,0,30,6,4.3308,,,,,,
2012,12,25,3,30,6,4.22001,,,,,,
2012,12,25,6,30,6,4.06524,,,,,,
2012,12,25,9,30,6,3.86671,,,,,,
2012,12,25,12,30,6,3.65556,,,,,,
2012,12,25,15,30,6,3.51146,,,,,,
2012,12,25,18,30,6,3.31943,,,,,,
2012,12,25,21,30,6,3.03829,,,,,,
2012,12,26,0,30,6,2.70489,,,,,,
2012,12,26,3,30,6,2.38601,,,,,,
2012,12,26,6,30,6,2.16397,,,,,,
2012,12,26,9,30,6,2.15673,,,,,,
2012,12,26,12,30,6,2.20214,,,,,,
2012,12,26,15,30,6,2.43219,,,,,,
2012,12,26,18,30,6,2.81951,,,,,,
2012,12,26,21,30,6,3.28181,,,,,,
2012,12,27,0,30,6,3.6548,,,,,,
2012,12,27,3,30,6,3.78701,,,,,,
2012,12,27,6,30,6,3.7544,,,,,,
2012,12,27,9,30,6,3.64456,,,,,,
2012,12,27,12,30,6,3.53678,,,,,,
2012,12,27,15,30,6,3.46611,,,,,,
2012,12,27,18,30,6,3.43017,,,,,,
2012,12,27,21,30,6,3.41656,,,,,,
2012,12,28,0,30,6,3.45079,,,,,,
2012,12,28,3,30,6,3.5133,,,,,,
2012,12,28,6,30,6,3.4772,,,,,,
2012,12,28,9,30,6,3.37015,,,,,,
2012,12,28,12,30,6,3.42408,,,,,,
2012,12,28,15,30,6,3.51321,,,,,,
2012,12,28,18,30,6,3.70536,,,,,,
2012,12,28,21,30,6,3.69461,,,,,,
2012,12,29,0,30,6,3.63807,,,,,,
2012,12,29,3,30,6,4.17712,,,,,,
2012,12,29,6,30,6,4.27992,,,,,,
2012,12,29,9,30,6,4.11597,,,,,,
2012,12,29,12,30,6,3.88436,,,,,,
2012,12,29,15,30,6,3.85452,,,,,,
2012,12,29,18,30,6,3.8395,,,,,,
2012,12,29,21,30,6,3.78275,,,,,,
2012,12,30,0,30,6,3.72338,,,,,,
2012,12,30,3,30,6,3.69432,,,,,,
2012,12,30,6,30,6,3.67481,,,,,,
2012,12,30,9,30,6,3.66566,,,,,,
2012,12,30,12,30,6,3.69924,,,,,,
2012,12,30,15,30,6,3.76771,,,,,,
2012,12,30,18,30,6,4.34039,,,,,,
2012,12,30,21,30,6,4.97672,,,,,,
2012,12,31,0,30,6,4.88419,,,,,,
2012,12,31,3,30,6,4.88848,,,,,,
2012,12,31,6,30,6,4.85755,,,,,,
2012,12,31,9,30,6,4.83878,,,,,,
2012,12,31,12,30,6,4.65337,,,,,,
2012,12,31,15,30,6,4.40868,,,,,,
2008,12,31,18,30,6,4.47692,,,,,,
2008,12,31,21,30,6,4.59119,,,,,,
