{
    "accumulators_cost": 0.0,
    "active_structure_cost": 0.0,
    "additional_structural_components_cost": 0.0,
    "additional_structural_components_cost_total": 0.0,
    "air_turbine_cost": 3.88555e-317,
    "air_turbine_cost_total": 0.0,
    "air_turbine_cost_total_check": 0.0,
    "anchors_and_piles_cost": 0.0,
    "ancillary_marine_systems_cost": 0.0,
    "ancillary_marine_systems_cost_total": 0.0,
    "ancillary_marine_systems_cost_total_check": 0.0,
    "annual_cumulative_energy_distribution": [
        0.0
    ],
    "annual_energy": 59434320.0,
    "annual_energy_distribution": [
        [
            0.0,
            0.5,
            1.5,
            2.5,
            3.5,
            4.5,
            5.5,
            6.5,
            7.5,
            8.5,
            9.5,
            10.5,
            11.5,
            12.5,
            13.5,
            14.5,
            15.5,
            16.5,
            17.5,
            18.5,
            19.5,
            20.5
        ],
        [
            0.25,
            0.0,
            0.0,
            0.0,
            0.0,
            0.0,
            0.0,
            0.0,
            1.752,
            2.8908,
            0.0,
            0.0,
            0.0,
            0.0,
            0.0,
            0.0,
            0.0,
            0.0,
            0.0,
            0.0,
            0.0,
            0.0
        ],
        [
            0.75,
            0.0,
            0.0,
            0.0,
            0.0,
            5.6064,
            213.569,
            965.878,
            2136.39,
            1639.7,
            915.42,
            399.281,
            110.201,
            10.8624,
            0.0,
            0.0,
            0.0,
            0.0,
            0.0,
            0.0,
            0.0,
            0.0
        ],
        [
            1.25,
            0.0,
            0.0,
            0.0,
            0.0,
            7.884,
            764.923,
            7380.74,
            12176.4,
            10517.6,
            6216.62,
            2612.58,
            1173.84,
            485.654,
            84.6216,
            19.7976,
            16.1184,
            0.0,
            0.0,
            0.0,
            0.0,
            0.0
        ],
        [
            1.75,
            0.0,
            0.0,
            0.0,
            0.0,
            0.0,
            303.797,
            11429.4,
            21747.8,
            20883.1,
            17110.1,
            8262.17,
            4171.16,
            2143.75,
            719.634,
            190.092,
            46.7784,
            0.0,
            0.0,
            0.0,
            0.0,
            0.0
        ],
        [
            2.25,
            0.0,
            0.0,
            0.0,
            0.0,
            0.0,
            0.0,
            5270.72,
            36240.1,
            27014.4,
            29230.7,
            18202.2,
            7149.3,
            3841.08,
            1582.06,
            618.456,
            202.531,
            41.6976,
            0.0,
            0.0,
            0.0,
            0.0
        ],
        [
            2.75,
            0.0,
            0.0,
            0.0,
            0.0,
            0.0,
            0.0,
            1189.61,
            24756.5,
            28037.3,
            29174.5,
            26488.9,
            12556.7,
            5361.12,
            1771.62,
            636.502,
            223.38,
            61.32,
            0.0,
            0.0,
            0.0,
            0.0
        ],
        [
            3.25,
            0.0,
            0.0,
            0.0,
            0.0,
            0.0,
            0.0,
            0.0,
            6326.91,
            22839.2,
            20873.9,
            24981.8,
            15573.9,
            7266.42,
            2433.18,
            687.047,
            204.984,
            84.4464,
            34.9524,
            29.0832,
            0.0,
            0.0
        ],
        [
            3.75,
            0.0,
            0.0,
            0.0,
            0.0,
            0.0,
            0.0,
            0.0,
            925.056,
            9529.13,
            11710.9,
            18013.4,
            14510.1,
            7593.87,
            2890.98,
            819.936,
            336.822,
            110.902,
            0.0,
            0.0,
            0.0,
            0.0
        ],
        [
            4.25,
            0.0,
            0.0,
            0.0,
            0.0,
            0.0,
            0.0,
            0.0,
            0.0,
            2216.19,
            4933.81,
            9480.51,
            10164.4,
            6405.49,
            2650.86,
            726.642,
            170.645,
            140.686,
            0.0,
            0.0,
            0.0,
            0.0
        ],
        [
            4.75,
            0.0,
            0.0,
            0.0,
            0.0,
            0.0,
            0.0,
            0.0,
            0.0,
            501.072,
            2004.29,
            3006.43,
            5807.88,
            5068.62,
            2954.31,
            895.885,
            210.59,
            86.8992,
            0.0,
            0.0,
            0.0,
            0.0
        ],
        [
            5.25,
            0.0,
            0.0,
            0.0,
            0.0,
            0.0,
            0.0,
            0.0,
            0.0,
            0.0,
            751.608,
            751.608,
            2755.9,
            3392.75,
            2437.03,
            1081.07,
            254.215,
            0.0,
            0.0,
            0.0,
            0.0,
            0.0
        ],
        [
            5.75,
            0.0,
            0.0,
            0.0,
            0.0,
            0.0,
            0.0,
            0.0,
            0.0,
            0.0,
            0.0,
            0.0,
            501.072,
            1753.75,
            1110.77,
            915.42,
            301.694,
            0.0,
            0.0,
            0.0,
            0.0,
            0.0
        ],
        [
            6.25,
            0.0,
            0.0,
            0.0,
            0.0,
            0.0,
            0.0,
            0.0,
            0.0,
            0.0,
            0.0,
            0.0,
            0.0,
            751.608,
            1002.14,
            427.838,
            176.251,
            0.0,
            0.0,
            0.0,
            0.0,
            0.0
        ],
        [
            6.75,
            0.0,
            0.0,
            0.0,
            0.0,
            0.0,
            0.0,
            0.0,
            0.0,
            0.0,
            0.0,
            0.0,
            0.0,
            0.0,
            501.072,
            493.889,
            0.0,
            0.0,
            0.0,
            0.0,
            0.0,
            0.0
        ],
        [
            7.25,
            0.0,
            0.0,
            0.0,
            0.0,
            0.0,
            0.0,
            0.0,
            0.0,
            0.0,
            0.0,
            0.0,
            0.0,
            0.0,
            0.0,
            0.0,
            0.0,
            0.0,
            0.0,
            0.0,
            0.0,
            0.0
        ],
        [
            7.75,
            0.0,
            0.0,
            0.0,
            0.0,
            0.0,
            0.0,
            0.0,
            0.0,
            0.0,
            0.0,
            0.0,
            0.0,
            0.0,
            0.0,
            0.0,
            0.0,
            0.0,
            0.0,
            0.0,
            0.0,
            0.0
        ],
        [
            8.25,
            0.0,
            0.0,
            0.0,
            0.0,
            0.0,
            0.0,
            0.0,
            0.0,
            0.0,
            0.0,
            0.0,
            0.0,
            0.0,
            0.0,
            0.0,
            0.0,
            0.0,
            0.0,
            0.0,
            0.0,
            0.0
        ],
        [
            8.75,
            0.0,
            0.0,
            0.0,
            0.0,
            0.0,
            0.0,
            0.0,
            0.0,
            0.0,
            0.0,
            0.0,
            0.0,
            0.0,
            0.0,
            0.0,
            0.0,
            0.0,
            0.0,
            0.0,
            0.0,
            0.0
        ],
        [
            9.25,
            0.0,
            0.0,
            0.0,
            0.0,
            0.0,
            0.0,
            0.0,
            0.0,
            0.0,
            0.0,
            0.0,
            0.0,
            0.0,
            0.0,
            0.0,
            0.0,
            0.0,
            0.0,
            0.0,
            0.0,
            0.0
        ],
        [
            9.75,
            0.0,
            0.0,
            0.0,
            0.0,
            0.0,
            0.0,
            0.0,
            0.0,
            0.0,
            0.0,
            0.0,
            0.0,
            0.0,
            0.0,
            0.0,
            0.0,
            0.0,
            0.0,
            0.0,
            0.0,
            0.0
        ]
    ],
    "annual_energy_distribution_tidal": [
        0.0
    ],
    "annual_leases_fees_cost": 0.0,
    "annual_leases_fees_cost_total": 0.0,
    "annual_leases_fees_cost_total_check": 0.0,
    "array_cable_accessories_and_jointing_cost": 0.0,
    "array_cable_system_commissioning_cost": 7.4894e-316,
    "array_cable_system_cost": 2.17e-322,
    "array_cable_system_cost_input": 0.0,
    "array_cable_system_cost_method": 2.0,
    "array_cable_system_cost_modeled": 12813808.0,
    "array_cable_system_cost_total": 0.0,
    "array_cable_system_cost_total_check": 0.0,
    "array_cable_system_transportation_cost": 0.0,
    "array_cables_assem_install_cost": 0.0,
    "array_cables_cost": 0.0,
    "array_sizing_mode": 2.0,
    "assem_install_shown": 0.0,
    "assem_other_infras_shown": 0.0,
    "assembly_and_install_cost": 25655542.0,
    "assembly_and_install_cost_input": 0.0,
    "assembly_and_install_cost_method": 2.0,
    "assembly_and_install_cost_modeled": 25655542.0,
    "assembly_and_install_cost_total": 0.0,
    "assembly_and_install_override": 0.0,
    "assembly_areas_cost": 3.23796e-317,
    "average_power_flux": 32.2,
    "balance_of_system_cost_input": 0.0,
    "balance_of_system_cost_override": 0.0,
    "balance_of_system_cost_total": 79150688.0,
    "balance_of_system_cost_total_mill": 79.15068817138672,
    "balance_of_system_scheduled_maintenance_cost": 0.0,
    "balance_of_system_unscheduled_maintenance_cost": 0.0,
    "ballast_system_cost": 0.0,
    "ballast_system_mooring_cost": 5e-323,
    "bathymetry": "Gently Sloping",
    "bearings_cost": 3.23796e-317,
    "bend_restrictors_cost": 0.0,
    "bend_stiffeners_cost": 0.0,
    "blades_rotor_assembly_cost": 3.88555e-317,
    "buoyancy_chamber_cost": 0.0,
    "c_construction_cost": [
        80.0,
        10.0,
        10.0
    ],
    "c_construction_duration": 0.0,
    "c_construction_interest": 8.0,
    "c_debt_percent": 60.0,
    "c_depreciation_schedule": [
        20.0,
        32.0,
        19.2,
        11.52,
        11.52,
        5.76
    ],
    "c_equity_return": 13.0,
    "c_inflation": 2.5,
    "c_lifetime": 20.0,
    "c_nominal_interest_rate": 8.0,
    "c_tax_rate": 40.0,
    "cable_accessories_and_jointing_cost": 5e-323,
    "cable_mattresses_cost": 0.0,
    "cable_protection_cost": 0.0,
    "cable_protection_cost_total": 0.0,
    "cable_protection_cost_total_check": 0.0,
    "cable_system_overbuild": 10.0,
    "capacity_factor": 23.7229,
    "capex_check": 364551328.0,
    "capital_cost": 407203840.0,
    "carrying_cost_during_construction_cost": 0.0,
    "cathodic_protection_system_cost": 0.0,
    "city": "Eureka",
    "closing_costs_cost": 0.0,
    "coatings_cost": 0.0,
    "coatings_cost_total": 0.0,
    "coatings_pto_cost": 0.0,
    "coatings_pto_cost_total": 0.0,
    "condition_monitoring_cost": 5e-323,
    "condition_monitoring_operations_cost": 0.0,
    "connecting_hardware_cost": 0.0,
    "construction_management_cost": 3.23796e-317,
    "construction_management_cost_total": 0.0,
    "construction_management_cost_total_check": 0.0,
    "cooling_system_cost": 5e-323,
    "cooling_system_gearbox_cost": 0.0,
    "country": "United States",
    "cranage_cost": 0.0,
    "data_source": "Sandia; SAND2014-9040",
    "debt_service_reserve_account_cost": 0.0,
    "decommissioning_reserve_account_cost": 0.0,
    "dedicated_om_vessel_cost": 0.0,
    "desired_array_size": 500.0,
    "detailed_cost_choice_air_turbine": 0.0,
    "detailed_cost_choice_ancillary_marine_systems": 0.0,
    "detailed_cost_choice_annual_leases": 0.0,
    "detailed_cost_choice_array_cables": 0.0,
    "detailed_cost_choice_cable_protection": 0.0,
    "detailed_cost_choice_construction_management": 0.0,
    "detailed_cost_choice_electrical_generator": 0.0,
    "detailed_cost_choice_env_health_safety": 0.0,
    "detailed_cost_choice_export_cables": 0.0,
    "detailed_cost_choice_financing_incentive": 0.0,
    "detailed_cost_choice_gearbox": 0.0,
    "detailed_cost_choice_gen_admin": 0.0,
    "detailed_cost_choice_health_safety": 0.0,
    "detailed_cost_choice_hydraulic_drivetrain": 0.0,
    "detailed_cost_choice_initial_engineering": 0.0,
    "detailed_cost_choice_interconnection": 0.0,
    "detailed_cost_choice_marine_systems": 0.0,
    "detailed_cost_choice_mec_device": 0.0,
    "detailed_cost_choice_offshore_infrastructure": 0.0,
    "detailed_cost_choice_offshore_substation": 0.0,
    "detailed_cost_choice_onshore_transmission": 0.0,
    "detailed_cost_choice_outfitting_structure": 0.0,
    "detailed_cost_choice_permitting_leasing": 0.0,
    "detailed_cost_choice_port_fees": 0.0,
    "detailed_cost_choice_power_electronics": 0.0,
    "detailed_cost_choice_project_management": 0.0,
    "detailed_cost_choice_reserve_accounts": 0.0,
    "detailed_cost_choice_scheduled_maintenance": 0.0,
    "detailed_cost_choice_site_characterization": 0.0,
    "detailed_cost_choice_site_selection": 0.0,
    "detailed_cost_choice_staging_port": 0.0,
    "detailed_cost_choice_struct_assem": 0.0,
    "detailed_cost_choice_substructures": 0.0,
    "detailed_cost_choice_unscheduled_maintenance": 0.0,
    "detailed_design_and_construction_eng_cost": 5e-323,
    "detailed_design_and_construction_eng_cost_total": 0.0,
    "development_cost": 16536453.0,
    "development_cost_input": 0.0,
    "development_cost_method": 2.0,
    "development_cost_modeled": 16536453.0,
    "development_cost_total": 0.0,
    "development_override": 0.0,
    "development_shown": 0.0,
    "device_average_power": 72.9542,
    "device_characteristic_diameter": 20.0,
    "device_cost_input": 0.0,
    "device_cost_override": 3.23791e-317,
    "device_costs_total": 295243520.0,
    "device_costs_total_display": 0.0,
    "device_costs_total_mill": 295.2435302734375,
    "device_foundation": "Floating",
    "device_mass": 687.0,
    "device_material": "A36 Steel",
    "device_mooring": "Slack Mooring",
    "device_pto_type": "Hydraulic Drivetrain",
    "device_rated_capacity": 0.0,
    "device_rated_power": 286.0,
    "device_spacing_in_row": 600.0,
    "device_tech_type": "Heaving Buoy",
    "devices_per_row": 10.0,
    "distance_to_shore": 5000.0,
    "ducting_system_cost": 0.0,
    "due_diligence_cost": 0.0,
    "e&m_shown": 0.0,
    "elec_infrac_shown": 0.0,
    "elec_infras_cost": 21459932.0,
    "elec_infras_cost_input": 0.0,
    "elec_infras_cost_method": 2.0,
    "elec_infras_cost_modeled": 21459932.0,
    "elec_infras_cost_total": 0.0,
    "elec_infras_override": 0.0,
    "electrical_conversion_equipment_cost": 0.0,
    "electrical_generator_cost": 5e-323,
    "electrical_generator_cost_total": 0.0,
    "electrical_generator_cost_total_check": 0.0,
    "eng_and_mgmt_cost": 5655878.5,
    "eng_and_mgmt_cost_input": 0.0,
    "eng_and_mgmt_cost_method": 2.0,
    "eng_and_mgmt_cost_modeled": 5655878.5,
    "eng_and_mgmt_cost_total": 0.0,
    "eng_and_mgmt_override": 0.0,
    "engineering_certification_cost": 0.0,
    "entrance_exit_fees_cost": 0.0,
    "environmental_health_and_safety_monitoring_cost": 0.0,
    "environmental_health_and_safety_monitoring_cost_total": 0.0,
    "environmental_health_and_safety_monitoring_cost_total_check": 0.0,
    "environmental_monitoring_cost": 0.0,
    "environmental_monitoring_operations_cost": 0.0,
    "environmental_scoping_cost": 0.0,
    "environmental_surveys_cost": 0.0,
    "export_cable_accessories_and_jointing_cost": 0.0,
    "export_cable_commissioning_cost": 0.0,
    "export_cable_length": 5555.0,
    "export_cable_redundancy": 0.0,
    "export_cable_system_cost": 2.17e-322,
    "export_cable_system_cost_input": 0.0,
    "export_cable_system_cost_method": 2.0,
    "export_cable_system_cost_modeled": 1603450.75,
    "export_cable_system_cost_total": 0.0,
    "export_cable_system_cost_total_check": 0.0,
    "export_cable_system_transportation_cost": 0.0,
    "export_cables_cost": 0.0,
    "external_ballast_chambers_cost": 0.0,
    "fabrication_facilities_cost": 0.0,
    "facilities_and_ancillary_systems_cost": 0.0,
    "federal_energy_regulatory_commission_fees_cost": 0.0,
    "feed_cost": 0.0,
    "file_name": "Humboldt_California_Wave Resource _SAM CSV.csv",
    "financial_cost_input": 0.0,
    "financial_cost_override": 0.0,
    "financial_cost_total": 32809620.0,
    "financial_cost_total_mill": 32.80961990356445,
    "financial_itemized_shown": 0.0,
    "financial_override_check": 0.0,
    "financing_and_incentives_cost": 0.0,
    "financing_and_incentives_cost_total": 0.0,
    "financing_and_incentives_cost_total_check": 0.0,
    "fixed_charge_rate": 0.1080000028014183,
    "fixed_operating_cost": 5431317.0,
    "floating_array": 1.0,
    "foundation_assem_install_cost": 0.0,
    "frequency_converter_cost": 0.0,
    "frequency_sum": 99.88999938964844,
    "gearbox_cost": 0.0,
    "gearbox_cost_total": 0.0,
    "gearbox_cost_total_check": 0.0,
    "gears_cost": 0.0,
    "generation_planning_and_integration_cost": 0.0,
    "geological_and_bathymetry_cost": 0.0,
    "health_and_safety_monitoring_cost": 5e-323,
    "health_safety_and_environmental_monitoring_cost": 5e-323,
    "health_safety_and_environmental_monitoring_cost_total": 0.0,
    "health_safety_and_environmental_monitoring_cost_total_check": 0.0,
    "health_safety_monitoring_cost": 0.0,
    "housing_cost": 0.0,
    "hub_assembly_cost": 5e-323,
    "hydraulic_drivetrain_cost": 5e-323,
    "hydraulic_drivetrain_cost_total": 0.0,
    "hydraulic_drivetrain_cost_total_check": 0.0,
    "hydraulic_fluid_cost": 0.0,
    "hydraulic_motor_cost": 0.0,
    "hydraulic_reservoir_cost": 0.0,
    "incentives_cost": 0.0,
    "initial_engineering_cost": 0.0,
    "initial_engineering_cost_total": 0.0,
    "initial_engineering_cost_total_check": 0.0,
    "insurance_during_construction_cost": 3645513.25,
    "insurance_during_construction_cost_input": 0.0,
    "insurance_during_construction_cost_modeled_ui": 3645513.25,
    "insurance_during_construction_method": 2.0,
    "insurance_during_construction_modeled": 3645513.25,
    "insurance_operations_cost": 0.0,
    "integration_assembly_testing_checkout_cost": 0.0,
    "inter_array_cable_length": 65340.0,
    "interconnection_and_power_marketing_cost": 0.0,
    "interconnection_and_power_marketing_cost_total": 0.0,
    "interconnection_and_power_marketing_cost_total_check": 0.0,
    "interconnection_studies_and_fees_cost": 0.0,
    "itemized_check_assem_install": 2.0,
    "itemized_check_construction_insurance": 1.0,
    "itemized_check_contingency": 1.0,
    "itemized_check_development": 2.0,
    "itemized_check_elec_infras": 2.0,
    "itemized_check_eng": 2.0,
    "itemized_check_maintenance": 2.0,
    "itemized_check_mooring": 2.0,
    "itemized_check_operations": 2.0,
    "itemized_check_other_financial": 1.0,
    "itemized_check_other_infras": 2.0,
    "itemized_check_pto": 2.0,
    "itemized_check_reserve_accounts": 2.0,
    "itemized_check_site_access": 2.0,
    "itemized_check_structural": 2.0,
    "itemized_num": 0.0,
    "jtube_seals_cost": 0.0,
    "ladders_cost": 0.0,
    "land_leases_cost": 0.0,
    "lat": 40.8418,
    "laydown_area_cost": 0.0,
    "lease_acquisition_activities_cost": 0.0,
    "legal_support_cost": 0.0,
    "level_check": 0.0,
    "level_eng": 0.0,
    "level_value": 0.0,
    "lib_wave_device": "RM3",
    "lib_wave_power_matrix": [
        [
            0.0,
            0.5,
            1.5,
            2.5,
            3.5,
            4.5,
            5.5,
            6.5,
            7.5,
            8.5,
            9.5,
            10.5,
            11.5,
            12.5,
            13.5,
            14.5,
            15.5,
            16.5,
            17.5,
            18.5,
            19.5,
            20.5
        ],
        [
            0.25,
            0.0,
            0.0,
            0.0,
            0.0,
            0.4,
            0.6,
            0.8,
            1.0,
            1.1,
            1.1,
            1.0,
            0.8,
            0.7,
            0.6,
            0.5,
            0.4,
            0.3,
            0.3,
            0.2,
            0.2,
            0.0
        ],
        [
            0.75,
            0.0,
            0.0,
            0.0,
            0.0,
            3.2,
            5.3,
            7.4,
            9.1,
            9.8,
            9.5,
            8.6,
            7.4,
            6.2,
            5.1,
            4.1,
            3.4,
            2.8,
            2.3,
            1.9,
            1.6,
            0.0
        ],
        [
            1.25,
            0.0,
            0.0,
            0.0,
            0.0,
            9.0,
            14.8,
            20.5,
            25.0,
            26.8,
            25.9,
            23.3,
            20.0,
            16.8,
            13.8,
            11.3,
            9.2,
            7.6,
            6.3,
            5.2,
            4.3,
            0.0
        ],
        [
            1.75,
            0.0,
            0.0,
            0.0,
            0.0,
            17.6,
            28.9,
            39.9,
            48.3,
            51.6,
            49.7,
            44.7,
            38.4,
            32.2,
            26.5,
            21.7,
            17.8,
            14.6,
            12.1,
            10.0,
            8.4,
            0.0
        ],
        [
            2.25,
            0.0,
            0.0,
            0.0,
            0.0,
            29.0,
            47.5,
            65.4,
            78.8,
            83.8,
            80.6,
            72.4,
            62.3,
            52.2,
            43.0,
            35.3,
            28.9,
            23.8,
            19.7,
            16.3,
            13.7,
            0.0
        ],
        [
            2.75,
            0.0,
            0.0,
            0.0,
            0.0,
            43.2,
            70.7,
            97.0,
            116.3,
            123.1,
            118.1,
            106.1,
            91.3,
            76.5,
            63.2,
            51.9,
            42.5,
            35.0,
            28.9,
            24.1,
            20.1,
            0.0
        ],
        [
            3.25,
            0.0,
            0.0,
            0.0,
            0.0,
            60.2,
            98.3,
            134.5,
            160.5,
            169.3,
            162.1,
            145.5,
            125.2,
            105.0,
            86.8,
            71.3,
            58.5,
            48.2,
            39.9,
            33.2,
            27.8,
            0.0
        ],
        [
            3.75,
            0.0,
            0.0,
            0.0,
            0.0,
            79.9,
            130.4,
            177.8,
            211.2,
            222.0,
            212.2,
            190.4,
            164.0,
            137.6,
            113.8,
            93.6,
            76.9,
            63.3,
            52.5,
            43.7,
            36.6,
            0.0
        ],
        [
            4.25,
            0.0,
            0.0,
            0.0,
            0.0,
            102.4,
            166.7,
            226.7,
            268.3,
            281.1,
            268.2,
            240.5,
            207.2,
            174.1,
            144.1,
            118.5,
            97.4,
            80.3,
            66.6,
            55.5,
            46.5,
            0.0
        ],
        [
            4.75,
            0.0,
            0.0,
            0.0,
            0.0,
            127.6,
            207.4,
            281.2,
            286.0,
            286.0,
            286.0,
            286.0,
            255.0,
            214.3,
            177.5,
            146.1,
            120.2,
            99.2,
            82.2,
            68.6,
            57.6,
            0.0
        ],
        [
            5.25,
            0.0,
            0.0,
            0.0,
            0.0,
            155.4,
            252.4,
            286.0,
            286.0,
            286.0,
            286.0,
            286.0,
            286.0,
            258.2,
            214.0,
            176.3,
            145.1,
            119.8,
            99.4,
            83.0,
            69.7,
            0.0
        ],
        [
            5.75,
            0.0,
            0.0,
            0.0,
            0.0,
            186.0,
            286.0,
            286.0,
            286.0,
            286.0,
            286.0,
            286.0,
            286.0,
            286.0,
            253.6,
            209.0,
            172.2,
            142.2,
            118.1,
            98.6,
            82.8,
            0.0
        ],
        [
            6.25,
            0.0,
            0.0,
            0.0,
            0.0,
            219.2,
            286.0,
            286.0,
            286.0,
            286.0,
            286.0,
            286.0,
            286.0,
            286.0,
            286.0,
            244.2,
            201.2,
            166.4,
            138.2,
            115.5,
            97.1,
            0.0
        ],
        [
            6.75,
            0.0,
            0.0,
            0.0,
            0.0,
            255.0,
            286.0,
            286.0,
            286.0,
            286.0,
            286.0,
            286.0,
            286.0,
            286.0,
            286.0,
            281.9,
            232.4,
            192.2,
            159.7,
            133.5,
            112.3,
            0.0
        ],
        [
            7.25,
            0.0,
            0.0,
            0.0,
            0.0,
            286.0,
            286.0,
            286.0,
            286.0,
            286.0,
            286.0,
            286.0,
            286.0,
            286.0,
            286.0,
            286.0,
            265.6,
            219.8,
            182.8,
            152.9,
            128.7,
            0.0
        ],
        [
            7.75,
            0.0,
            0.0,
            0.0,
            0.0,
            286.0,
            286.0,
            286.0,
            286.0,
            286.0,
            286.0,
            286.0,
            286.0,
            286.0,
            286.0,
            286.0,
            286.0,
            249.0,
            207.2,
            173.4,
            146.0,
            0.0
        ],
        [
            8.25,
            0.0,
            0.0,
            0.0,
            0.0,
            286.0,
            286.0,
            286.0,
            286.0,
            286.0,
            286.0,
            286.0,
            286.0,
            286.0,
            286.0,
            286.0,
            286.0,
            279.9,
            233.0,
            195.1,
            164.4,
            0.0
        ],
        [
            8.75,
            0.0,
            0.0,
            0.0,
            0.0,
            286.0,
            286.0,
            286.0,
            286.0,
            286.0,
            286.0,
            286.0,
            286.0,
            286.0,
            286.0,
            286.0,
            286.0,
            286.0,
            260.2,
            218.0,
            183.8,
            0.0
        ],
        [
            9.25,
            0.0,
            0.0,
            0.0,
            0.0,
            286.0,
            286.0,
            286.0,
            286.0,
            286.0,
            286.0,
            286.0,
            286.0,
            286.0,
            286.0,
            286.0,
            286.0,
            286.0,
            286.0,
            242.1,
            204.1,
            0.0
        ],
        [
            9.75,
            0.0,
            0.0,
            0.0,
            0.0,
            286.0,
            286.0,
            286.0,
            286.0,
            286.0,
            286.0,
            286.0,
            286.0,
            286.0,
            286.0,
            286.0,
            286.0,
            286.0,
            286.0,
            267.4,
            225.6,
            0.0
        ]
    ],
    "library_or_input_wec": 0.0,
    "location": "Humboldt Bay - DOE Reference",
    "lon": -124.248,
    "long_term_service_agreement_cost": 0.0,
    "loss_additional": 0.0,
    "loss_array_spacing": 0.0,
    "loss_downtime": 5.0,
    "loss_resource_overprediction": 0.0,
    "loss_total": 7.0,
    "loss_transmission": 2.0,
    "lube_system_cost": 5e-323,
    "lubrication_system_cost": 0.0,
    "maintenance_cost": 3658284.75,
    "maintenance_cost_input": 0.0,
    "maintenance_cost_method": 2.0,
    "maintenance_cost_modeled": 3658284.75,
    "maintenance_cost_total": 0.0,
    "maintenance_override_check": 0.0,
    "maintenance_reserve_account_cost": 0.0,
    "maintenance_we_shown": 0.0,
    "marine_coatings_cost": 0.0,
    "marine_energy_converter_device_cost": 0.0,
    "marine_energy_converter_device_cost_total": 0.0,
    "marine_energy_converter_device_cost_total_check": 0.0,
    "marine_energy_converter_power_consumption_cost": 0.0,
    "marine_energy_converter_scheduled_maintenance_cost": 0.0,
    "marine_energy_converter_unscheduled_maintenance_cost": 0.0,
    "marine_energy_tech": 0.0,
    "marine_management_cost": 0.0,
    "marine_system_cost_total_check": 0.0,
    "marine_systems_cost": 0.0,
    "marine_systems_cost_total": 0.0,
    "max_frequency": 5.559999942779541,
    "max_frequency_Hs": 1.25,
    "max_frequency_Te": 7.5,
    "messenger_lines_and_buoys_cost": 0.0,
    "method_check": 2.0,
    "mooring_found_substruc_cost": 52549712.0,
    "mooring_found_substruc_cost_input": 0.0,
    "mooring_found_substruc_cost_method": 2.0,
    "mooring_found_substruc_cost_modeled": 52549712.0,
    "mooring_found_substruc_cost_total": 0.0,
    "mooring_lines_cost": 0.0,
    "mooring_override": 0.0,
    "mooring_shown": 0.0,
    "name": "Humboldt Bay - DOE Reference",
    "navigation_lighting_cost": 0.0,
    "nearby_buoy_number": "NDBC 46212",
    "noise_mitigation_cost": 0.0,
    "notes": "",
    "number_devices": 100.0,
    "number_rows": 10.0,
    "offshore_accommodations_platform_cost": 0.0,
    "offshore_accomodations_other_infras_cost": 0.0,
    "offshore_electrical_infrastructure_cost": 0.0,
    "offshore_electrical_infrastructure_cost_total": 0.0,
    "offshore_electrical_infrastructure_cost_total_check": 0.0,
    "offshore_export_cables_assem_install_cost": 0.0,
    "offshore_logistical_infrastructure_assem_install_cost": 0.0,
    "offshore_logistical_infrastructure_other_infras_cost": 0.0,
    "offshore_substation_assem_install_cost": 0.0,
    "offshore_substation_cost": 2.17e-322,
    "offshore_substation_cost_input": 0.0,
    "offshore_substation_cost_method": 2.0,
    "offshore_substation_cost_modeled": 2860000.0,
    "offshore_substation_cost_total": 0.0,
    "offshore_substation_cost_total_check": 0.0,
    "offshore_substation_cost_total_display": 0.0,
    "om_cost_input": 0.0,
    "om_cost_override": 0.0,
    "om_equipment_purchases_cost": 0.0,
    "onshore_electric_infrastructure_assem_install_cost": 0.0,
    "onshore_interconnection_rights_cost": 0.0,
    "onshore_land_lease_cost": 0.0,
    "onshore_om_facilities_cost": 0.0,
    "onshore_substation_cost": 0.0,
    "onshore_substation_cost_input": 0.0,
    "onshore_substation_cost_method": 2.0,
    "onshore_substation_cost_modeled": 2145000.0,
    "onshore_substation_cost_total": 0.0,
    "onshore_substation_cost_total_check": 0.0,
    "onshore_substations_cost": 0.0,
    "onshore_transmission_infrastructure_cost": 0.0,
    "onshore_transmission_infrastructure_transportation_cost": 0.0,
    "operating_equipment_cost": 0.0,
    "operating_facilities_cost": 0.0,
    "operating_margin_cost": 0.0,
    "operations_cost": 1773032.0,
    "operations_cost_input": 0.0,
    "operations_cost_method": 2.0,
    "operations_cost_modeled": 1773032.0,
    "operations_cost_total": 0.0,
    "operations_management_general_administration_cost": 0.0,
    "operations_management_general_administration_cost_total": 0.0,
    "operations_management_general_administration_cost_total_check": 0.0,
    "operations_override_check": 0.0,
    "opex_we_shown": 0.0,
    "other_air_turbine_cost": 0.0,
    "other_ancillary_marine_system_cost": 0.0,
    "other_array_cable_system_cost": 0.0,
    "other_assem_install_cost": 0.0,
    "other_business_cost": 0.0,
    "other_cable_protection_cost": 0.0,
    "other_construction_management_cost": 0.0,
    "other_cost_total": 0.0,
    "other_costs": 0.0,
    "other_development_cost": 0.0,
    "other_elec_infra_cost": 2.17e-322,
    "other_elec_infra_cost_input": 0.0,
    "other_elec_infra_cost_method": 2.0,
    "other_elec_infra_cost_modeled": 2037673.125,
    "other_elec_infra_cost_total_display": 0.0,
    "other_electrical_generator_cost": 0.0,
    "other_eng_cost": 0.0,
    "other_eng_cost_total_display": 0.0,
    "other_export_cable_system_cost": 0.0,
    "other_financial_cost": 0.0,
    "other_financial_cost_input": 0.0,
    "other_financial_cost_method": 2.0,
    "other_financial_cost_modeled": 0.0,
    "other_financing_cost": 0.0,
    "other_gearbox_cost": 0.0,
    "other_gen_admin_cost": 0.0,
    "other_health_and_safety_cost": 0.0,
    "other_hydraulic_drivetrain_cost": 0.0,
    "other_infras_override": 0.0,
    "other_infrastructure_cost": 0.0,
    "other_infrastructure_cost_input": 0.0,
    "other_infrastructure_cost_method": 2.0,
    "other_infrastructure_cost_modeled": 0.0,
    "other_infrastructure_cost_total": 0.0,
    "other_infrastructure_transportation_other_infras_cost": 0.0,
    "other_initial_engineering_cost": 0.0,
    "other_interconnection_cost": 0.0,
    "other_maintenance_cost": 0.0,
    "other_marine_energy_converter_device_cost": 0.0,
    "other_marine_system_cost": 0.0,
    "other_monitoring_cost": 0.0,
    "other_mooring_cost": 1.22379e-307,
    "other_offshore_electrical_infrastructure_cost": 0.0,
    "other_offshore_substation_cost": 0.0,
    "other_onshore_transmission_infrastructure_cost": 0.0,
    "other_operations_cost": 0.0,
    "other_other_infras_cost": 0.0,
    "other_outfitting_structure_cost": 0.0,
    "other_permitting_and_leasing_cost": 0.0,
    "other_port_fees_cost": 0.0,
    "other_power_electronics_cost": 0.0,
    "other_prime_mover_cost": 0.0,
    "other_project_management_cost": 0.0,
    "other_pto_cost": 0.0,
    "other_pto_total": 0.0,
    "other_reserve_account_cost": 0.0,
    "other_scheduled_maintenance_cost": 0.0,
    "other_shortterm_energy_storage_cost": 0.0,
    "other_site_access_cost": 0.0,
    "other_site_characterization_cost": 0.0,
    "other_site_selection_cost": 0.0,
    "other_staging_port_cost": 0.0,
    "other_substructure_cost": 0.0,
    "other_unscheduled_maintenance_cost": 0.0,
    "outfitting_structure_cost": 0.0,
    "outfitting_structure_cost_total": 0.0,
    "outfitting_structure_cost_total_check": 0.0,
    "overhead_lines_cost": 0.0,
    "override_check_structural": 1.0,
    "permit_acquisition_activities_cost": 0.0,
    "permitting_and_leasing_cost": 0.0,
    "permitting_and_leasing_cost_total": 0.0,
    "permitting_and_leasing_cost_total_check": 0.0,
    "personnel_access_system_cost": 0.0,
    "personnel_access_system_mooring_cost": 0.0,
    "personnel_facilities_cost": 0.0,
    "plant_commissioning_cost": 5832821.0,
    "plant_commissioning_cost_input": 0.0,
    "plant_commissioning_cost_method": 2.0,
    "plant_commissioning_cost_modeled": 5832821.0,
    "plant_commissioning_cost_modeled_ui": 5832821.0,
    "plumbing_fittings_cost": 5e-323,
    "port_fees_cost": 0.0,
    "port_fees_cost_total": 0.0,
    "port_fees_cost_total_check": 0.0,
    "port_fees_total": 0.0,
    "port_improvement_cost": 0.0,
    "power_electrical_system_cost": 0.0,
    "power_electronics_cost": 0.0,
    "power_electronics_cost_total": 0.0,
    "power_electronics_cost_total_check": 0.0,
    "power_marketing_cost": 0.0,
    "power_takeoff_enclosure_cost": 0.0,
    "power_takeoff_enclosure_cost_total": 0.0,
    "power_takeoff_system_assem_install_cost": 0.0,
    "power_takeoff_system_cost": 44014128.0,
    "power_takeoff_system_cost_input": 0.0,
    "power_takeoff_system_cost_input_label": 0.0,
    "power_takeoff_system_cost_method": 2.0,
    "power_takeoff_system_cost_modeled": 44014128.0,
    "power_takeoff_system_cost_total": 0.0,
    "power_takeoff_system_total_label": 0.0,
    "pre_feed_cost": 0.0,
    "primary_hydraulic_pump_cost": 0.0,
    "primary_struct_assem_cost": 0.0,
    "prime_mover_cost": 0.0,
    "prime_mover_cost_total": 0.0,
    "prime_mover_cost_total_check": 0.0,
    "procurement_cost": 0.0,
    "procurement_management_cost": 0.0,
    "procurement_management_cost_total_display": 0.0,
    "professional_advisory_services_cost": 0.0,
    "professional_advisory_services_operations_cost": 0.0,
    "profit_cost": 0.0,
    "profit_eng_cost": 8.7294e-312,
    "project_certification_cost": 5e-323,
    "project_certification_cost_total_display": 0.0,
    "project_contingency_budget_cost": 18227566.0,
    "project_contingency_cost_input": 0.0,
    "project_contingency_cost_method": 2.0,
    "project_contingency_cost_modeled_ui": 18227566.0,
    "project_contingency_modeled": 18227566.0,
    "project_management_during_development_cost": 0.0,
    "project_management_during_development_cost_total": 0.0,
    "project_management_during_development_cost_total_check": 0.0,
    "pto_override": 0.0,
    "pto_shown": 0.0,
    "quay_cost": 0.0,
    "quayside_docking_fees_cost": 0.0,
    "railings_cost": 0.0,
    "rectifying_circuit_cost": 0.0,
    "reserve_accounts_cost": 10936540.0,
    "reserve_accounts_cost_input": 0.0,
    "reserve_accounts_cost_method": 2.0,
    "reserve_accounts_cost_modeled_ui": 10936540.0,
    "reserve_accounts_cost_total": 0.0,
    "reserve_accounts_modeled": 10936540.0,
    "resource_and_metocean_assessment_cost": 0.0,
    "resource_assessment_cost": 0.0,
    "riser_cable_length": 8250.0,
    "rotors_cost": 0.0,
    "row_spacing": 600.0,
    "salaries_cost": 0.0,
    "salaries_eng_cost": 0.0,
    "sales_general_and_administrative_cost": 0.0,
    "sales_general_and_administrative_eng_cost": 0.0,
    "sales_general_and_administrative_operations_cost": 0.0,
    "scada_cost": 0.0,
    "scheduled_maintenance_cost": 0.0,
    "scheduled_maintenance_cost_total": 0.0,
    "scheduled_maintenance_cost_total_check": 0.0,
    "scour_protection_assem_install_cost": 0.0,
    "scour_protection_cost": 0.0,
    "scour_protection_elec_infras_cost": 0.0,
    "sea_bed": "Sand and Clay",
    "self_supporting_towers_with_insulators_cost": 0.0,
    "sensor_elec_gen_cost": 0.0,
    "sensors_cost": 0.0,
    "service_platforms_and_decks_cost": 5e-323,
    "shaft_assembly_cost": 0.0,
    "shortterm_energy_storage_cost": 0.0,
    "shortterm_energy_storage_cost_total": 0.0,
    "site_access_override": 0.0,
    "site_access_port_staging_cost": 4010064.5,
    "site_access_port_staging_cost_input": 0.0,
    "site_access_port_staging_cost_method": 2.0,
    "site_access_port_staging_cost_modeled": 4010064.5,
    "site_access_port_staging_cost_modeled_ui": 4010064.5,
    "site_access_port_staging_cost_total": 0.0,
    "site_access_shown": 0.0,
    "site_characterization_cost": 0.0,
    "site_characterization_cost_total": 0.0,
    "site_characterization_cost_total_check": 0.0,
    "site_selection_cost": 0.0,
    "site_selection_cost_total": 0.0,
    "site_selection_cost_total_check": 0.0,
    "staging_port_cost": 0.0,
    "staging_port_cost_total": 0.0,
    "staging_port_cost_total_check": 0.0,
    "stakeholder_outreach_cost": 0.0,
    "state": "California",
    "stator_cost": 0.0,
    "struct_and_mechanical_cost": 0.0,
    "struct_level_total_label": 5e-323,
    "struct_override": 0.0,
    "struct_user_input_label": 5e-323,
    "structural_assembly_assem_install_cost": 0.0,
    "structural_assembly_cost": 198679680.0,
    "structural_assembly_cost_input": 0.0,
    "structural_assembly_cost_method": 2.0,
    "structural_assembly_cost_modeled": 198679680.0,
    "structural_assembly_cost_modeled_formatted": 198679680.0,
    "structural_assembly_cost_total": 0.0,
    "stuctural_assem_shown": 0.0,
    "subfoundation_or_bedding_cost": 0.0,
    "submerged_land_lease_cost": 0.0,
    "substructure_and_foundation_cost": 0.0,
    "substructure_assem_install_cost": 0.0,
    "substructure_assem_install_cost_total": 0.0,
    "substructure_assem_install_cost_total_check": 0.0,
    "substructures_and_foundations_cost": 0.0,
    "system_capacity": 28600.0,
    "test_num": 0.0,
    "tidal_power_end_velocity": 0.0,
    "tidal_power_start_velocity": 0.0,
    "tidal_resource_calc": [
        [
            0.0
        ]
    ],
    "tidal_resource_end_velocity": 0.0,
    "tidal_resource_start_velocity": 0.0,
    "topside_cost": 0.0,
    "total_bos_cost_lcoe": 17.3009,
    "total_bos_cost_per_kw": 2767.506591796875,
    "total_bos_cost_per_kwh": 1.33173,
    "total_bos_cost_percent": 0.19181761145591737,
    "total_capital_cost_per_kw": 14237.896484375,
    "total_capital_cost_per_kwh": 6.85132,
    "total_device_cost_lcoe": 64.535,
    "total_device_cost_per_kw": 10323.2001953125,
    "total_device_cost_per_kwh": 4.96756,
    "total_device_cost_percent": 0.715507447719574,
    "total_financial_cost_lcoe": 7.1716,
    "total_financial_cost_per_kw": 1147.189453125,
    "total_financial_cost_per_kwh": 0.552032,
    "total_financial_cost_percent": 0.07951241731643677,
    "total_installed_cost": 407203840.0,
    "total_installed_cost_lcoe": 89.0075,
    "total_installed_cost_mill": 407.2038269042969,
    "total_installed_cost_percent": 0.9868375062942505,
    "total_installed_cost_structural": 198679680.0,
    "total_operating_cost": 5431317.0,
    "total_operating_cost_mill": 5.43131685256958,
    "total_operations_cost_lcoe": 10.9925,
    "total_operations_cost_per_kw": 189.90618896484376,
    "total_operations_cost_per_kwh": 0.0913835,
    "total_operations_cost_percent": 0.013162516057491303,
    "total_rated_capacity": 28600.0,
    "total_test": 407203840.0,
    "transmission_charges_rights_cost": 0.0,
    "transport_power_conversion_chain_cost": 0.0,
    "transport_power_conversion_chain_cost_total": 0.0,
    "transport_structure_cost": 0.0,
    "transport_structure_cost_total": 0.0,
    "transportation_cost": 0.0,
    "turbine_bearings_cost": 5e-323,
    "tz": -7.0,
    "ui_capital_cost_capacity": 1695.0,
    "ui_capital_cost_reference": 407203840.0,
    "ui_cfin": 1.0389,
    "ui_crf": 0.0832903,
    "ui_fcr_input_option": 0.0,
    "ui_fixed_charge_rate": 0.108,
    "ui_ireal": 0.0536585,
    "ui_lbl_cff_msg": "",
    "ui_operating_cost_capacity": 51.0,
    "ui_operating_cost_fixed": 5431317.0,
    "ui_pfin": 1.12684,
    "ui_system_capacity": 28600.0,
    "ui_variable_operating_cost": 0.0,
    "ui_wacc": 0.054439,
    "underground_cable_system_cost": 0.0,
    "unscheduled_maintenance_contingency_cost": 0.0,
    "unscheduled_maintenance_cost": 0.0,
    "unscheduled_maintenance_cost_total": 0.0,
    "unscheduled_maintenance_cost_total_check": 0.0,
    "use_specific_wf_wave": 0.0,
    "user_input_devices_per_row": 10.0,
    "user_input_number_rows": 10.0,
    "user_specified_wf_wave": " ",
    "user_wave_power_matrix": [
        [
            0.0,
            0.5,
            1.5,
            2.5,
            3.5,
            4.5,
            5.5,
            6.5,
            7.5,
            8.5,
            9.5,
            10.5,
            11.5,
            12.5,
            13.5,
            14.5,
            15.5,
            16.5,
            17.5,
            18.5,
            19.5,
            20.5
        ],
        [
            0.25,
            0.0,
            0.0,
            0.0,
            0.0,
            0.0,
            0.0,
            0.0,
            0.0,
            0.0,
            0.0,
            0.0,
            0.0,
            0.0,
            0.0,
            0.0,
            0.0,
            0.0,
            0.0,
            0.0,
            0.0,
            0.0
        ],
        [
            0.75,
            0.0,
            0.0,
            0.0,
            0.0,
            0.0,
            0.0,
            0.0,
            0.0,
            0.0,
            0.0,
            0.0,
            0.0,
            0.0,
            0.0,
            0.0,
            0.0,
            0.0,
            0.0,
            0.0,
            0.0,
            0.0
        ],
        [
            1.25,
            0.0,
            0.0,
            0.0,
            0.0,
            0.0,
            0.0,
            0.0,
            0.0,
            0.0,
            0.0,
            0.0,
            0.0,
            0.0,
            0.0,
            0.0,
            0.0,
            0.0,
            0.0,
            0.0,
            0.0,
            0.0
        ],
        [
            1.75,
            0.0,
            0.0,
            0.0,
            0.0,
            0.0,
            0.0,
            0.0,
            0.0,
            0.0,
            0.0,
            0.0,
            0.0,
            0.0,
            0.0,
            0.0,
            0.0,
            0.0,
            0.0,
            0.0,
            0.0,
            0.0
        ],
        [
            2.25,
            0.0,
            0.0,
            0.0,
            0.0,
            0.0,
            0.0,
            0.0,
            0.0,
            0.0,
            0.0,
            0.0,
            0.0,
            0.0,
            0.0,
            0.0,
            0.0,
            0.0,
            0.0,
            0.0,
            0.0,
            0.0
        ],
        [
            2.75,
            0.0,
            0.0,
            0.0,
            0.0,
            0.0,
            0.0,
            0.0,
            0.0,
            0.0,
            0.0,
            0.0,
            0.0,
            0.0,
            0.0,
            0.0,
            0.0,
            0.0,
            0.0,
            0.0,
            0.0,
            0.0
        ],
        [
            3.25,
            0.0,
            0.0,
            0.0,
            0.0,
            0.0,
            0.0,
            0.0,
            0.0,
            0.0,
            0.0,
            0.0,
            0.0,
            0.0,
            0.0,
            0.0,
            0.0,
            0.0,
            0.0,
            0.0,
            0.0,
            0.0
        ],
        [
            3.75,
            0.0,
            0.0,
            0.0,
            0.0,
            0.0,
            0.0,
            0.0,
            0.0,
            0.0,
            0.0,
            0.0,
            0.0,
            0.0,
            0.0,
            0.0,
            0.0,
            0.0,
            0.0,
            0.0,
            0.0,
            0.0
        ],
        [
            4.25,
            0.0,
            0.0,
            0.0,
            0.0,
            0.0,
            0.0,
            0.0,
            0.0,
            0.0,
            0.0,
            0.0,
            0.0,
            0.0,
            0.0,
            0.0,
            0.0,
            0.0,
            0.0,
            0.0,
            0.0,
            0.0
        ],
        [
            4.75,
            0.0,
            0.0,
            0.0,
            0.0,
            0.0,
            0.0,
            0.0,
            0.0,
            0.0,
            0.0,
            0.0,
            0.0,
            0.0,
            0.0,
            0.0,
            0.0,
            0.0,
            0.0,
            0.0,
            0.0,
            0.0
        ],
        [
            5.25,
            0.0,
            0.0,
            0.0,
            0.0,
            0.0,
            0.0,
            0.0,
            0.0,
            0.0,
            0.0,
            0.0,
            0.0,
            0.0,
            0.0,
            0.0,
            0.0,
            0.0,
            0.0,
            0.0,
            0.0,
            0.0
        ],
        [
            5.75,
            0.0,
            0.0,
            0.0,
            0.0,
            0.0,
            0.0,
            0.0,
            0.0,
            0.0,
            0.0,
            0.0,
            0.0,
            0.0,
            0.0,
            0.0,
            0.0,
            0.0,
            0.0,
            0.0,
            0.0,
            0.0
        ],
        [
            6.25,
            0.0,
            0.0,
            0.0,
            0.0,
            0.0,
            0.0,
            0.0,
            0.0,
            0.0,
            0.0,
            0.0,
            0.0,
            0.0,
            0.0,
            0.0,
            0.0,
            0.0,
            0.0,
            0.0,
            0.0,
            0.0
        ],
        [
            6.75,
            0.0,
            0.0,
            0.0,
            0.0,
            0.0,
            0.0,
            0.0,
            0.0,
            0.0,
            0.0,
            0.0,
            0.0,
            0.0,
            0.0,
            0.0,
            0.0,
            0.0,
            0.0,
            0.0,
            0.0,
            0.0
        ],
        [
            7.25,
            0.0,
            0.0,
            0.0,
            0.0,
            0.0,
            0.0,
            0.0,
            0.0,
            0.0,
            0.0,
            0.0,
            0.0,
            0.0,
            0.0,
            0.0,
            0.0,
            0.0,
            0.0,
            0.0,
            0.0,
            0.0
        ],
        [
            7.75,
            0.0,
            0.0,
            0.0,
            0.0,
            0.0,
            0.0,
            0.0,
            0.0,
            0.0,
            0.0,
            0.0,
            0.0,
            0.0,
            0.0,
            0.0,
            0.0,
            0.0,
            0.0,
            0.0,
            0.0,
            0.0
        ],
        [
            8.25,
            0.0,
            0.0,
            0.0,
            0.0,
            0.0,
            0.0,
            0.0,
            0.0,
            0.0,
            0.0,
            0.0,
            0.0,
            0.0,
            0.0,
            0.0,
            0.0,
            0.0,
            0.0,
            0.0,
            0.0,
            0.0
        ],
        [
            8.75,
            0.0,
            0.0,
            0.0,
            0.0,
            0.0,
            0.0,
            0.0,
            0.0,
            0.0,
            0.0,
            0.0,
            0.0,
            0.0,
            0.0,
            0.0,
            0.0,
            0.0,
            0.0,
            0.0,
            0.0,
            0.0
        ],
        [
            9.25,
            0.0,
            0.0,
            0.0,
            0.0,
            0.0,
            0.0,
            0.0,
            0.0,
            0.0,
            0.0,
            0.0,
            0.0,
            0.0,
            0.0,
            0.0,
            0.0,
            0.0,
            0.0,
            0.0,
            0.0,
            0.0
        ],
        [
            9.75,
            0.0,
            0.0,
            0.0,
            0.0,
            0.0,
            0.0,
            0.0,
            0.0,
            0.0,
            0.0,
            0.0,
            0.0,
            0.0,
            0.0,
            0.0,
            0.0,
            0.0,
            0.0,
            0.0,
            0.0,
            0.0
        ]
    ],
    "valves_cost": 0.0,
    "variable_air_turbine": 1.0,
    "variable_electrical_generator": 1.0,
    "variable_gearbox": 0.0,
    "variable_hydraulic_drivetrain": 1.0,
    "variable_marine_systems": 0.0,
    "variable_operating_cost": 0.0,
    "variable_power_electronics": 0.0,
    "variable_prime_mover": 0.0,
    "vessel_landing_cost": 0.0,
    "water_depth": 50.0,
    "wave_device_name": "RM3",
    "wave_power_end_height": 9.75,
    "wave_power_end_period": 19.5,
    "wave_power_matrix": [
        [
            0.0,
            0.5,
            1.5,
            2.5,
            3.5,
            4.5,
            5.5,
            6.5,
            7.5,
            8.5,
            9.5,
            10.5,
            11.5,
            12.5,
            13.5,
            14.5,
            15.5,
            16.5,
            17.5,
            18.5,
            19.5,
            20.5
        ],
        [
            0.25,
            0.0,
            0.0,
            0.0,
            0.0,
            0.4,
            0.6,
            0.8,
            1.0,
            1.1,
            1.1,
            1.0,
            0.8,
            0.7,
            0.6,
            0.5,
            0.4,
            0.3,
            0.3,
            0.2,
            0.2,
            0.0
        ],
        [
            0.75,
            0.0,
            0.0,
            0.0,
            0.0,
            3.2,
            5.3,
            7.4,
            9.1,
            9.8,
            9.5,
            8.6,
            7.4,
            6.2,
            5.1,
            4.1,
            3.4,
            2.8,
            2.3,
            1.9,
            1.6,
            0.0
        ],
        [
            1.25,
            0.0,
            0.0,
            0.0,
            0.0,
            9.0,
            14.8,
            20.5,
            25.0,
            26.8,
            25.9,
            23.3,
            20.0,
            16.8,
            13.8,
            11.3,
            9.2,
            7.6,
            6.3,
            5.2,
            4.3,
            0.0
        ],
        [
            1.75,
            0.0,
            0.0,
            0.0,
            0.0,
            17.6,
            28.9,
            39.9,
            48.3,
            51.6,
            49.7,
            44.7,
            38.4,
            32.2,
            26.5,
            21.7,
            17.8,
            14.6,
            12.1,
            10.0,
            8.4,
            0.0
        ],
        [
            2.25,
            0.0,
            0.0,
            0.0,
            0.0,
            29.0,
            47.5,
            65.4,
            78.8,
            83.8,
            80.6,
            72.4,
            62.3,
            52.2,
            43.0,
            35.3,
            28.9,
            23.8,
            19.7,
            16.3,
            13.7,
            0.0
        ],
        [
            2.75,
            0.0,
            0.0,
            0.0,
            0.0,
            43.2,
            70.7,
            97.0,
            116.3,
            123.1,
            118.1,
            106.1,
            91.3,
            76.5,
            63.2,
            51.9,
            42.5,
            35.0,
            28.9,
            24.1,
            20.1,
            0.0
        ],
        [
            3.25,
            0.0,
            0.0,
            0.0,
            0.0,
            60.2,
            98.3,
            134.5,
            160.5,
            169.3,
            162.1,
            145.5,
            125.2,
            105.0,
            86.8,
            71.3,
            58.5,
            48.2,
            39.9,
            33.2,
            27.8,
            0.0
        ],
        [
            3.75,
            0.0,
            0.0,
            0.0,
            0.0,
            79.9,
            130.4,
            177.8,
            211.2,
            222.0,
            212.2,
            190.4,
            164.0,
            137.6,
            113.8,
            93.6,
            76.9,
            63.3,
            52.5,
            43.7,
            36.6,
            0.0
        ],
        [
            4.25,
            0.0,
            0.0,
            0.0,
            0.0,
            102.4,
            166.7,
            226.7,
            268.3,
            281.1,
            268.2,
            240.5,
            207.2,
            174.1,
            144.1,
            118.5,
            97.4,
            80.3,
            66.6,
            55.5,
            46.5,
            0.0
        ],
        [
            4.75,
            0.0,
            0.0,
            0.0,
            0.0,
            127.6,
            207.4,
            281.2,
            286.0,
            286.0,
            286.0,
            286.0,
            255.0,
            214.3,
            177.5,
            146.1,
            120.2,
            99.2,
            82.2,
            68.6,
            57.6,
            0.0
        ],
        [
            5.25,
            0.0,
            0.0,
            0.0,
            0.0,
            155.4,
            252.4,
            286.0,
            286.0,
            286.0,
            286.0,
            286.0,
            286.0,
            258.2,
            214.0,
            176.3,
            145.1,
            119.8,
            99.4,
            83.0,
            69.7,
            0.0
        ],
        [
            5.75,
            0.0,
            0.0,
            0.0,
            0.0,
            186.0,
            286.0,
            286.0,
            286.0,
            286.0,
            286.0,
            286.0,
            286.0,
            286.0,
            253.6,
            209.0,
            172.2,
            142.2,
            118.1,
            98.6,
            82.8,
            0.0
        ],
        [
            6.25,
            0.0,
            0.0,
            0.0,
            0.0,
            219.2,
            286.0,
            286.0,
            286.0,
            286.0,
            286.0,
            286.0,
            286.0,
            286.0,
            286.0,
            244.2,
            201.2,
            166.4,
            138.2,
            115.5,
            97.1,
            0.0
        ],
        [
            6.75,
            0.0,
            0.0,
            0.0,
            0.0,
            255.0,
            286.0,
            286.0,
            286.0,
            286.0,
            286.0,
            286.0,
            286.0,
            286.0,
            286.0,
            281.9,
            232.4,
            192.2,
            159.7,
            133.5,
            112.3,
            0.0
        ],
        [
            7.25,
            0.0,
            0.0,
            0.0,
            0.0,
            286.0,
            286.0,
            286.0,
            286.0,
            286.0,
            286.0,
            286.0,
            286.0,
            286.0,
            286.0,
            286.0,
            265.6,
            219.8,
            182.8,
            152.9,
            128.7,
            0.0
        ],
        [
            7.75,
            0.0,
            0.0,
            0.0,
            0.0,
            286.0,
            286.0,
            286.0,
            286.0,
            286.0,
            286.0,
            286.0,
            286.0,
            286.0,
            286.0,
            286.0,
            286.0,
            249.0,
            207.2,
            173.4,
            146.0,
            0.0
        ],
        [
            8.25,
            0.0,
            0.0,
            0.0,
            0.0,
            286.0,
            286.0,
            286.0,
            286.0,
            286.0,
            286.0,
            286.0,
            286.0,
            286.0,
            286.0,
            286.0,
            286.0,
            279.9,
            233.0,
            195.1,
            164.4,
            0.0
        ],
        [
            8.75,
            0.0,
            0.0,
            0.0,
            0.0,
            286.0,
            286.0,
            286.0,
            286.0,
            286.0,
            286.0,
            286.0,
            286.0,
            286.0,
            286.0,
            286.0,
            286.0,
            286.0,
            260.2,
            218.0,
            183.8,
            0.0
        ],
        [
            9.25,
            0.0,
            0.0,
            0.0,
            0.0,
            286.0,
            286.0,
            286.0,
            286.0,
            286.0,
            286.0,
            286.0,
            286.0,
            286.0,
            286.0,
            286.0,
            286.0,
            286.0,
            286.0,
            242.1,
            204.1,
            0.0
        ],
        [
            9.75,
            0.0,
            0.0,
            0.0,
            0.0,
            286.0,
            286.0,
            286.0,
            286.0,
            286.0,
            286.0,
            286.0,
            286.0,
            286.0,
            286.0,
            286.0,
            286.0,
            286.0,
            286.0,
            267.4,
            225.6,
            0.0
        ]
    ],
    "wave_power_start_height": 0.25,
    "wave_power_start_period": 4.5,
    "wave_resource_end_height": 6.75,
    "wave_resource_end_period": 14.5,
    "wave_resource_filename": "Humboldt_California_Wave Resource _SAM CSV.csv",
    "wave_resource_matrix": [
        [
            0.0,
            0.5,
            1.5,
            2.5,
            3.5,
            4.5,
            5.5,
            6.5,
            7.5,
            8.5,
            9.5,
            10.5,
            11.5,
            12.5,
            13.5,
            14.5,
            15.5,
            16.5,
            17.5,
            18.5,
            19.5,
            20.5
        ],
        [
            0.25,
            0.0,
            0.0,
            0.0,
            0.0,
            0.0,
            0.0,
            0.0,
            0.02,
            0.03,
            0.0,
            0.0,
            0.0,
            0.0,
            0.0,
            0.0,
            0.0,
            0.0,
            0.0,
            0.0,
            0.0,
            0.0
        ],
        [
            0.75,
            0.0,
            0.0,
            0.0,
            0.0,
            0.02,
            0.46,
            1.49,
            2.68,
            1.91,
            1.1,
            0.53,
            0.17,
            0.02,
            0.0,
            0.0,
            0.0,
            0.0,
            0.0,
            0.0,
            0.0,
            0.0
        ],
        [
            1.25,
            0.0,
            0.0,
            0.0,
            0.0,
            0.01,
            0.59,
            4.11,
            5.56,
            4.48,
            2.74,
            1.28,
            0.67,
            0.33,
            0.07,
            0.02,
            0.02,
            0.0,
            0.0,
            0.0,
            0.0,
            0.0
        ],
        [
            1.75,
            0.0,
            0.0,
            0.0,
            0.0,
            0.0,
            0.12,
            3.27,
            5.14,
            4.62,
            3.93,
            2.11,
            1.24,
            0.76,
            0.31,
            0.1,
            0.03,
            0.0,
            0.0,
            0.0,
            0.0,
            0.0
        ],
        [
            2.25,
            0.0,
            0.0,
            0.0,
            0.0,
            0.0,
            0.0,
            0.92,
            5.25,
            3.68,
            4.14,
            2.87,
            1.31,
            0.84,
            0.42,
            0.2,
            0.08,
            0.02,
            0.0,
            0.0,
            0.0,
            0.0
        ],
        [
            2.75,
            0.0,
            0.0,
            0.0,
            0.0,
            0.0,
            0.0,
            0.14,
            2.43,
            2.6,
            2.82,
            2.85,
            1.57,
            0.8,
            0.32,
            0.14,
            0.06,
            0.02,
            0.0,
            0.0,
            0.0,
            0.0
        ],
        [
            3.25,
            0.0,
            0.0,
            0.0,
            0.0,
            0.0,
            0.0,
            0.0,
            0.45,
            1.54,
            1.47,
            1.96,
            1.42,
            0.79,
            0.32,
            0.11,
            0.04,
            0.02,
            0.01,
            0.01,
            0.0,
            0.0
        ],
        [
            3.75,
            0.0,
            0.0,
            0.0,
            0.0,
            0.0,
            0.0,
            0.0,
            0.05,
            0.49,
            0.63,
            1.08,
            1.01,
            0.63,
            0.29,
            0.1,
            0.05,
            0.02,
            0.0,
            0.0,
            0.0,
            0.0
        ],
        [
            4.25,
            0.0,
            0.0,
            0.0,
            0.0,
            0.0,
            0.0,
            0.0,
            0.0,
            0.09,
            0.21,
            0.45,
            0.56,
            0.42,
            0.21,
            0.07,
            0.02,
            0.02,
            0.0,
            0.0,
            0.0,
            0.0
        ],
        [
            4.75,
            0.0,
            0.0,
            0.0,
            0.0,
            0.0,
            0.0,
            0.0,
            0.0,
            0.02,
            0.08,
            0.12,
            0.26,
            0.27,
            0.19,
            0.07,
            0.02,
            0.01,
            0.0,
            0.0,
            0.0,
            0.0
        ],
        [
            5.25,
            0.0,
            0.0,
            0.0,
            0.0,
            0.0,
            0.0,
            0.0,
            0.0,
            0.0,
            0.03,
            0.03,
            0.11,
            0.15,
            0.13,
            0.07,
            0.02,
            0.0,
            0.0,
            0.0,
            0.0,
            0.0
        ],
        [
            5.75,
            0.0,
            0.0,
            0.0,
            0.0,
            0.0,
            0.0,
            0.0,
            0.0,
            0.0,
            0.0,
            0.0,
            0.02,
            0.07,
            0.05,
            0.05,
            0.02,
            0.0,
            0.0,
            0.0,
            0.0,
            0.0
        ],
        [
            6.25,
            0.0,
            0.0,
            0.0,
            0.0,
            0.0,
            0.0,
            0.0,
            0.0,
            0.0,
            0.0,
            0.0,
            0.0,
            0.03,
            0.04,
            0.02,
            0.01,
            0.0,
            0.0,
            0.0,
            0.0,
            0.0
        ],
        [
            6.75,
            0.0,
            0.0,
            0.0,
            0.0,
            0.0,
            0.0,
            0.0,
            0.0,
            0.0,
            0.0,
            0.0,
            0.0,
            0.0,
            0.02,
            0.02,
            0.0,
            0.0,
            0.0,
            0.0,
            0.0,
            0.0
        ],
        [
            7.25,
            0.0,
            0.0,
            0.0,
            0.0,
            0.0,
            0.0,
            0.0,
            0.0,
            0.0,
            0.0,
            0.0,
            0.0,
            0.0,
            0.0,
            0.0,
            0.0,
            0.0,
            0.0,
            0.0,
            0.0,
            0.0
        ],
        [
            7.75,
            0.0,
            0.0,
            0.0,
            0.0,
            0.0,
            0.0,
            0.0,
            0.0,
            0.0,
            0.0,
            0.0,
            0.0,
            0.0,
            0.0,
            0.0,
            0.0,
            0.0,
            0.0,
            0.0,
            0.0,
            0.0
        ],
        [
            8.25,
            0.0,
            0.0,
            0.0,
            0.0,
            0.0,
            0.0,
            0.0,
            0.0,
            0.0,
            0.0,
            0.0,
            0.0,
            0.0,
            0.0,
            0.0,
            0.0,
            0.0,
            0.0,
            0.0,
            0.0,
            0.0
        ],
        [
            8.75,
            0.0,
            0.0,
            0.0,
            0.0,
            0.0,
            0.0,
            0.0,
            0.0,
            0.0,
            0.0,
            0.0,
            0.0,
            0.0,
            0.0,
            0.0,
            0.0,
            0.0,
            0.0,
            0.0,
            0.0,
            0.0
        ],
        [
            9.25,
            0.0,
            0.0,
            0.0,
            0.0,
            0.0,
            0.0,
            0.0,
            0.0,
            0.0,
            0.0,
            0.0,
            0.0,
            0.0,
            0.0,
            0.0,
            0.0,
            0.0,
            0.0,
            0.0,
            0.0,
            0.0
        ],
        [
            9.75,
            0.0,
            0.0,
            0.0,
            0.0,
            0.0,
            0.0,
            0.0,
            0.0,
            0.0,
            0.0,
            0.0,
            0.0,
            0.0,
            0.0,
            0.0,
            0.0,
            0.0,
            0.0,
            0.0,
            0.0,
            0.0
        ]
    ],
    "wave_resource_start_height": 0.25,
    "wave_resource_start_period": 7.5,
    "weather_forecasting_cost": 0.0,
    "wharfage_fees_cost": 7.56598e-307
}