{
    "array_sizing_mode": 0.0,
    "cable_system_overbuild": 10.0,
    "desired_array_size": 0.0,
    "device_foundation": "-777",
    "device_mass": -777.0,
    "device_material": "-777",
    "device_mooring": "-777",
    "device_pto_type": "-777",
    "device_rated_power": -777.0,
    "device_spacing_in_row": 600.0,
    "device_tec_architype": "-777",
    "device_tech_type": "-777",
    "devices_per_row": -777.0,
    "distance_to_shore": -777.0,
    "distance_to_shore_input": 5000.0,
    "export_cable_length": -777.0,
    "export_cable_redundancy": 0.0,
    "floating_array": 1.0,
    "inter_array_cable_length": -777.0,
    "lib_tidal_device": "RM1",
    "lib_tidal_power_curve": [
        [
            0.0,
            0.0
        ],
        [
            0.1,
            0.0
        ],
        [
            0.2,
            0.0
        ],
        [
            0.3,
            0.0
        ],
        [
            0.4,
            0.0
        ],
        [
            0.5,
            0.0
        ],
        [
            0.6,
            10.4211
        ],
        [
            0.7,
            20.8423
        ],
        [
            0.8,
            39.9689
        ],
        [
            0.9,
            59.0956
        ],
        [
            1.0,
            89.2016
        ],
        [
            1.1,
            119.308
        ],
        [
            1.2,
            160.886
        ],
        [
            1.3,
            202.464
        ],
        [
            1.4,
            259.292
        ],
        [
            1.5,
            316.12
        ],
        [
            1.6,
            392.673
        ],
        [
            1.7,
            469.226
        ],
        [
            1.8,
            570.306
        ],
        [
            1.9,
            671.386
        ],
        [
            2.0,
            802.908
        ],
        [
            2.1,
            934.43
        ],
        [
            2.2,
            1024.71
        ],
        [
            2.3,
            1115.0
        ],
        [
            2.4,
            1115.0
        ],
        [
            2.5,
            1115.0
        ],
        [
            2.6,
            1115.0
        ],
        [
            2.7,
            1115.0
        ],
        [
            2.8,
            1115.0
        ],
        [
            2.9,
            1115.0
        ],
        [
            3.0,
            1115.0
        ],
        [
            3.1,
            1115.0
        ],
        [
            3.2,
            1085.37
        ],
        [
            3.3,
            1055.73
        ]
    ],
    "library_or_input_tidal": 0.0,
    "loss_additional": 0.0,
    "loss_array_spacing": 0.0,
    "loss_downtime": 2.0,
    "loss_resource_overprediction": 0.0,
    "loss_total": -777.0,
    "loss_transmission": 5.0,
    "number_devices": -777.0,
    "number_rows": -777.0,
    "probability_sum": -777.0,
    "riser_cable_length": -777.0,
    "row_spacing": 600.0,
    "system_capacity": -777.0,
    "tidal_power_curve": [
        [
            -777.0,
            -777.0
        ],
        [
            -777.0,
            -777.0
        ],
        [
            -777.0,
            -777.0
        ],
        [
            -777.0,
            -777.0
        ],
        [
            -777.0,
            -777.0
        ],
        [
            -777.0,
            -777.0
        ],
        [
            -777.0,
            -777.0
        ],
        [
            -777.0,
            -777.0
        ],
        [
            -777.0,
            -777.0
        ],
        [
            -777.0,
            -777.0
        ],
        [
            -777.0,
            -777.0
        ],
        [
            -777.0,
            -777.0
        ],
        [
            -777.0,
            -777.0
        ],
        [
            -777.0,
            -777.0
        ],
        [
            -777.0,
            -777.0
        ],
        [
            -777.0,
            -777.0
        ],
        [
            -777.0,
            -777.0
        ],
        [
            -777.0,
            -777.0
        ],
        [
            -777.0,
            -777.0
        ],
        [
            -777.0,
            -777.0
        ],
        [
            -777.0,
            -777.0
        ],
        [
            -777.0,
            -777.0
        ],
        [
            -777.0,
            -777.0
        ],
        [
            -777.0,
            -777.0
        ],
        [
            -777.0,
            -777.0
        ],
        [
            -777.0,
            -777.0
        ],
        [
            -777.0,
            -777.0
        ],
        [
            -777.0,
            -777.0
        ],
        [
            -777.0,
            -777.0
        ],
        [
            -777.0,
            -777.0
        ],
        [
            -777.0,
            -777.0
        ],
        [
            -777.0,
            -777.0
        ],
        [
            -777.0,
            -777.0
        ],
        [
            -777.0,
            -777.0
        ]
    ],
    "tidal_resource": [
        [
            0.0,
            0.009
        ],
        [
            0.1,
            0.031
        ],
        [
            0.2,
            0.042
        ],
        [
            0.3,
            0.044
        ],
        [
            0.4,
            0.048
        ],
        [
            0.5,
            0.049
        ],
        [
            0.6,
            0.053
        ],
        [
            0.7,
            0.051
        ],
        [
            0.8,
            0.052
        ],
        [
            0.9,
            0.056
        ],
        [
            1.0,
            0.05
        ],
        [
            1.1,
            0.052
        ],
        [
            1.2,
            0.05
        ],
        [
            1.3,
            0.048
        ],
        [
            1.4,
            0.047
        ],
        [
            1.5,
            0.043
        ],
        [
            1.6,
            0.042
        ],
        [
            1.7,
            0.04
        ],
        [
            1.8,
            0.034
        ],
        [
            1.9,
            0.031
        ],
        [
            2.0,
            0.026
        ],
        [
            2.1,
            0.023
        ],
        [
            2.2,
            0.02
        ],
        [
            2.3,
            0.016
        ],
        [
            2.4,
            0.013
        ],
        [
            2.5,
            0.011
        ],
        [
            2.6,
            0.007
        ],
        [
            2.7,
            0.005
        ],
        [
            2.8,
            0.004
        ],
        [
            2.9,
            0.002
        ],
        [
            3.0,
            0.001
        ],
        [
            3.1,
            0.0
        ],
        [
            3.2,
            0.0
        ],
        [
            3.3,
            0.0
        ]
    ],
    "use_wavefile_spacing": 0.0,
    "user_input_devices_per_row": 10.0,
    "user_input_number_rows": 3.0,
    "user_tidal_power_curve": [
        [
            0.0
        ]
    ],
    "water_depth": -777.0,
    "water_depth_input": 50.0
}